"movie_name","boxtot","year","month","ThreeD","Summer"
"(500) Days of Summer",26.068178,2009,8,0,"Summer"
"10 Cloverfield Lane",68.582888,2016,3,0,"Not Summer"
"10,000 B.C.",92.10861,2008,3,0,"Not Summer"
"12 Rounds",9.960664,2009,3,0,"Not Summer"
"12 Years a Slave",53.867992,2013,1,0,"Not Summer"
"127 Hours",14.330449,2011,1,0,"Not Summer"
"13 Hours: The Secret Soldiers of Benghazi",48.947015,2016,1,0,"Not Summer"
"1408",68.787205,2007,6,0,"Summer"
"16 Blocks",34.819264,2006,3,0,"Not Summer"
"17 Again",60.894341,2009,4,0,"Summer"
"2 Guns",65.353995,2013,8,0,"Summer"
"2012",159.028696,2009,11,0,"Not Summer"
"2016 Obama's America",32.534436,2012,8,0,"Summer"
"21",80.745758,2008,3,0,"Not Summer"
"21 and Over",23.13532,2013,3,0,"Not Summer"
"21 Jump Street",132.934683,2012,3,0,"Not Summer"
"22 Jump Street",183.947747,2014,6,0,"Summer"
"27 Dresses",71.469085,2008,1,0,"Not Summer"
"28 Weeks Later",27.219754,2007,5,0,"Summer"
"3 Days to Kill",29.145642,2014,2,0,"Not Summer"
"3 Idiots",0.503725,2009,12,0,"Not Summer"
"3:10 to Yuma (2007)",49.997294,2007,9,0,"Not Summer"
"30 Days of Night",38.190595,2007,10,0,"Not Summer"
"30 Minutes or Less",32.163325,2011,8,0,"Summer"
"300",205.510419,2007,3,0,"Not Summer"
"300: Rise of An Empire",102.557652,2014,3,0,"Not Summer"
"42",91.819454,2013,4,0,"Summer"
"47 Ronin",34.799885,2013,1,1,"Not Summer"
"50/50",31.837565,2011,9,0,"Not Summer"
"88 Minutes",15.92591,2008,4,0,"Summer"
"9",28.042829,2009,9,0,"Not Summer"
"90 Minutes in Heaven",2.742296,2015,9,0,"Not Summer"
"A Aa",0.495611,2016,6,0,"Summer"
"A Christmas Carol (2009)",134.596388,2009,11,0,"Not Summer"
"A Good Day to Die Hard",64.314147,2013,2,0,"Not Summer"
"A Good Year",4.799687,2006,11,0,"Not Summer"
"A Haunted House",31.085209,2013,1,0,"Not Summer"
"A Haunted House 2",14.183335,2014,4,0,"Summer"
"A Hologram for the King",2.922309,2016,4,0,"Summer"
"A Mighty Heart",4.764225,2007,6,0,"Summer"
"A Million Ways to Die in the West",40.514295,2014,5,0,"Summer"
"A Most Wanted Man",8.212233,2014,7,0,"Summer"
"A Nightmare on Elm Street (2010)",62.107323,2010,4,0,"Summer"
"A Perfect Getaway",8.700235,2009,8,0,"Summer"
"A Prairie Home Companion",6.220364,2006,6,0,"Summer"
"A Scanner Darkly",2.063774,2006,7,0,"Summer"
"A Thousand Words",16.943879,2012,3,0,"Not Summer"
"A Very Harold & Kumar 3D Christmas",29.219832,2011,11,1,"Not Summer"
"A Walk Among the Tombstones",25.314135,2014,9,0,"Not Summer"
"A Walk in the Woods",27.667638,2015,9,0,"Not Summer"
"Abduction",22.56836,2011,9,0,"Not Summer"
"About Last Night (2014)",44.84839,2014,2,0,"Not Summer"
"About Time",12.573058,2013,11,0,"Not Summer"
"Abraham Lincoln: Vampire Hunter",32.106376,2012,6,1,"Summer"
"Accepted",30.494095,2006,8,0,"Summer"
"Across the Universe",14.067456,2007,9,0,"Not Summer"
"Act of Valor",68.233207,2012,2,0,"Not Summer"
"Addicted",13.414227,2014,10,0,"Not Summer"
"Admission",15.917954,2013,3,0,"Not Summer"
"Adventureland",12.732787,2009,4,0,"Summer"
"Ae Dil Hai Mushkil",2.836565,2016,10,0,"Not Summer"
"African Cats",13.372379,2011,4,0,"Summer"
"After Dark's Horror Fest: 8 Films to Die For",1.751,2006,11,0,"Not Summer"
"After Earth",56.442209,2013,5,0,"Summer"
"Akeelah and the Bee",17.36127,2006,4,0,"Summer"
"Alex Cross",21.127955,2012,10,0,"Not Summer"
"Alexander and the Terrible, Horrible, No Good, Very Bad Day",60.543279,2014,10,0,"Not Summer"
"Alice in Wonderland (2010)",327.537023,2010,3,0,"Not Summer"
"Alice Through the Looking Glass",75.280329,2016,5,1,"Summer"
"Aliens in the Attic",19.11887,2009,7,0,"Summer"
"Aliens Vs. Predator - Requiem",38.580873,2007,1,0,"Not Summer"
"All About Steve",27.654145,2009,9,0,"Not Summer"
"All Is Lost",3.320942,2013,11,0,"Not Summer"
"All the King's Men",4.686955,2006,9,0,"Not Summer"
"Allied",37.208917,2016,11,0,"Not Summer"
"Almost Christmas",38.836485,2016,11,0,"Not Summer"
"Aloha",18.000123,2015,5,0,"Summer"
"Alpha and Omega",21.428627,2010,9,1,"Not Summer"
"Alpha Dog",12.36873,2007,1,0,"Not Summer"
"Alvin and the Chipmunks",204.121451,2007,1,0,"Not Summer"
"Alvin and the Chipmunks: Chipwrecked",124.682205,2011,1,0,"Not Summer"
"Alvin and the Chipmunks: The Road Chip",81.049347,2015,1,0,"Not Summer"
"Alvin and the Chipmunks: The Squeakquel",212.156137,2009,1,0,"Not Summer"
"Amazing Grace",15.313984,2007,2,0,"Not Summer"
"Amelia",12.219727,2009,10,0,"Not Summer"
"America (2014)",9.743696,2014,7,0,"Summer"
"American Dreamz",3.66742,2006,4,0,"Summer"
"American Gangster",126.03212,2007,11,0,"Not Summer"
"American Hustle",144.78843,2013,1,0,"Not Summer"
"American Reunion",54.042315,2012,4,0,"Summer"
"American Sniper",342.360752,2015,1,0,"Not Summer"
"American Ultra",11.829251,2015,8,0,"Summer"
"An American Carol",4.576,2008,10,0,"Not Summer"
"An American Haunting",14.21839,2006,5,0,"Summer"
"An Inconvenient Truth",17.789901,2006,6,0,"Summer"
"Anchorman 2: The Legend Continues",119.931349,2013,1,0,"Not Summer"
"And So It Goes",12.038519,2014,7,0,"Summer"
"Angels & Demons",125.338622,2009,5,0,"Summer"
"Annabelle",76.151041,2014,10,0,"Not Summer"
"Annapolis",13.938063,2006,1,0,"Not Summer"
"Annie (2014)",83.171867,2014,1,0,"Not Summer"
"Ant-Man",175.741157,2015,7,1,"Summer"
"Apocalypto",31.724156,2006,12,0,"Not Summer"
"Apollo 18",15.788409,2011,9,0,"Not Summer"
"Appaloosa",12.297086,2008,10,0,"Not Summer"
"Aqua Teen Hunger Force Colon Movie Film for Theaters",1.428,2007,4,0,"Summer"
"Aquamarine",16.29736,2006,3,0,"Not Summer"
"Are We Done Yet?",46.150924,2007,4,0,"Summer"
"Argo",124.322013,2012,2,0,"Not Summer"
"Armored",12.970023,2009,12,0,"Not Summer"
"Arrival",87.640561,2016,11,0,"Not Summer"
"Arthur (2011)",25.149982,2011,4,0,"Summer"
"Arthur and the Invisibles",9.272106,2007,1,0,"Not Summer"
"Arthur Christmas",43.242928,2011,11,1,"Not Summer"
"As Above/So Below",19.335415,2014,8,0,"Summer"
"Assassin's Creed",36.415167,2016,12,1,"Not Summer"
"Astro Boy",16.148497,2009,10,0,"Not Summer"
"ATL",18.309659,2006,3,0,"Not Summer"
"Atlas Shrugged: Part II",0.702046,2012,10,0,"Not Summer"
"Atonement",39.18334,2007,1,0,"Not Summer"
"Attack on Titan: Part 1",0.259768,2015,9,0,"Not Summer"
"August Rush",29.021587,2007,11,0,"Not Summer"
"August: Osage County",32.80912,2014,1,0,"Not Summer"
"Australia",41.796525,2008,11,0,"Not Summer"
"Avatar",744.020453,2009,1,1,"Not Summer"
"Avatar: Special Edition",4.427361,2010,8,1,"Summer"
"Avengers: Age of Ultron",452.963254,2015,5,1,"Summer"
"Awake",11.868847,2007,11,0,"Not Summer"
"Away from Her",2.710546,2007,5,0,"Summer"
"Away We Go",4.534622,2009,6,0,"Summer"
"Baahubali: The Beginning",3.575,2015,7,0,"Summer"
"Babel",24.665188,2006,1,0,"Not Summer"
"Babies",5.361594,2010,5,0,"Summer"
"Baby Mama",58.355355,2008,4,0,"Summer"
"Babylon A.D.",18.550472,2008,8,0,"Summer"
"Back to the Future Day",1.65,2015,10,0,"Not Summer"
"Bad Moms",110.994717,2016,7,0,"Summer"
"Bad Santa 2",15.564769,2016,11,0,"Not Summer"
"Bad Teacher",95.875407,2011,6,0,"Summer"
"Bad Words",6.530106,2014,4,0,"Summer"
"Baggage Claim",18.501717,2013,9,0,"Not Summer"
"Bajirao Mastani",2.96929,2015,12,0,"Not Summer"
"Bajrangi Bhaijaan",4.007959,2015,7,0,"Summer"
"Balls of Fury",29.567906,2007,8,0,"Summer"
"Bang Bang",0.170525,2014,10,0,"Not Summer"
"Bangkok Dangerous",13.690763,2008,9,0,"Not Summer"
"Barbershop: The Next Cut",51.86943,2016,4,0,"Summer"
"Barnyard: The Original Party Animals",67.014342,2006,8,0,"Summer"
"Basic Instinct 2",4.208069,2006,3,0,"Not Summer"
"Batman Begins (2012 re-release)",1.508658,2012,7,0,"Summer"
"Batman v Superman: Dawn of Justice",327.679243,2016,3,1,"Not Summer"
"Batman: The Killing Joke",3.775,2016,7,0,"Summer"
"Battle of the Year",5.468292,2013,9,1,"Not Summer"
"Battle: Los Angeles",79.700377,2011,3,0,"Not Summer"
"Battleship",62.15182,2012,5,0,"Summer"
"Be Kind, Rewind",5.034404,2008,2,0,"Not Summer"
"Bears",15.011044,2014,4,0,"Summer"
"Beastly",23.834612,2011,3,0,"Not Summer"
"Beautiful Creatures (2013)",16.570598,2013,2,0,"Not Summer"
"Beauty and the Beast (3D)",44.908132,2012,1,0,"Not Summer"
"Because I Said So",35.510425,2007,2,0,"Not Summer"
"Becoming Jane",10.790628,2007,8,0,"Summer"
"Bedtime Stories",105.073339,2008,1,0,"Not Summer"
"Bee Movie",121.021546,2007,11,0,"Not Summer"
"Beerfest",15.813241,2006,8,0,"Summer"
"Begin Again",6.725666,2014,7,0,"Summer"
"Belle",6.814267,2014,6,0,"Summer"
"Ben-Hur (2016)",20.686581,2016,8,0,"Summer"
"Beowulf",79.632767,2007,11,1,"Not Summer"
"Beverly Hills Chihuahua",90.878127,2008,10,0,"Not Summer"
"Beyond the Lights",12.440011,2014,11,0,"Not Summer"
"Beyond the Mask",0.242845,2015,4,0,"Summer"
"Big Hero 6",211.207036,2014,1,1,"Not Summer"
"Big Miracle",17.605685,2012,2,0,"Not Summer"
"Big Momma's House 2",62.45961,2006,1,0,"Not Summer"
"Big Mommas: Like Father, Like Son",29.969678,2011,2,0,"Not Summer"
"Birdman",19.469207,2014,11,0,"Not Summer"
"Black Christmas (2006)",3.307602,2006,12,0,"Not Summer"
"Black Mass",58.951782,2015,9,0,"Not Summer"
"Black Nativity",4.942698,2013,11,0,"Not Summer"
"Black or White",18.604866,2015,1,0,"Not Summer"
"Black Snake Moan",7.502589,2007,3,0,"Not Summer"
"Black Swan",97.214665,2010,1,0,"Not Summer"
"Blackhat",5.42915,2015,1,0,"Not Summer"
"Blades of Glory",115.194096,2007,3,0,"Not Summer"
"Blair Witch",17.557088,2016,9,0,"Not Summer"
"Bleed for This",2.89761,2016,11,0,"Not Summer"
"Blended",38.648229,2014,5,0,"Summer"
"Blood Diamond",48.660833,2006,1,0,"Not Summer"
"Blue Jasmine",28.393495,2013,8,0,"Summer"
"Bobby",9.728892,2006,11,0,"Not Summer"
"Body of Lies",32.246667,2008,10,0,"Not Summer"
"Bolt",104.521656,2008,11,1,"Not Summer"
"Boo! A Madea Halloween",70.885605,2016,10,0,"Not Summer"
"Borat: Cultural Learnings of America for Make Benefit Glorious Nation of Kazakhstan",121.269713,2006,11,0,"Not Summer"
"Boyhood",14.662048,2014,8,0,"Summer"
"BRATZ",1.721363,2007,8,0,"Summer"
"Brave",225.442866,2012,6,1,"Summer"
"Breach",29.879095,2007,2,0,"Not Summer"
"Brick Mansions",18.98583,2014,4,0,"Summer"
"Bride Wars",51.545192,2009,1,0,"Not Summer"
"Bridesmaids",162.19693,2011,5,0,"Summer"
"Bridge of Spies",64.69986,2015,10,0,"Not Summer"
"Bridge to Terabithia",79.712054,2007,2,0,"Not Summer"
"Bridget Jones's Baby",21.960695,2016,9,0,"Not Summer"
"Brokeback Mountain",79.352,2006,1,0,"Not Summer"
"Broken City",16.67409,2013,1,0,"Not Summer"
"Brooklyn",28.671171,2015,1,0,"Not Summer"
"Brooklyn's Finest",23.180632,2010,3,0,"Not Summer"
"Brothers",23.898492,2009,12,0,"Not Summer"
"Bruno",58.21199,2009,7,0,"Summer"
"Bug",6.743839,2007,5,0,"Summer"
"Bullet to the Head",8.732783,2013,2,0,"Not Summer"
"Burlesque",36.171798,2010,11,0,"Not Summer"
"Burn After Reading",53.081752,2008,9,0,"Not Summer"
"Burnt",13.192905,2015,10,0,"Not Summer"
"Cadillac Records",4.324085,2008,12,0,"Not Summer"
"Capitalism: A Love Story",12.082045,2009,10,0,"Not Summer"
"Capote",18.862184,2006,2,0,"Not Summer"
"Captain America: Civil War",401.614622,2016,5,1,"Summer"
"Captain America: The First Avenger",160.632114,2011,7,1,"Summer"
"Captain America: The Winter Soldier",251.840998,2014,4,1,"Summer"
"Captain Phillips",98.884468,2013,10,0,"Not Summer"
"Captive (2015)",0.647188,2015,9,0,"Not Summer"
"Carrie (2013)",32.765617,2013,10,0,"Not Summer"
"Cars",232.181886,2006,6,0,"Summer"
"Cars 2",183.584494,2011,6,1,"Summer"
"Casa De Mi Padre",4.132976,2012,3,0,"Not Summer"
"Casablanca (2012 re-release)",1.15533,2012,3,0,"Not Summer"
"Casanova",5.945186,2006,1,0,"Not Summer"
"Case 39",10.717298,2010,10,0,"Not Summer"
"Casino Royale",140.5694,2006,11,0,"Not Summer"
"Catch and Release",10.238524,2007,1,0,"Not Summer"
"Cats & Dogs: The Revenge of Kitty Galore",37.408401,2010,7,1,"Summer"
"Central Intelligence",120.318163,2016,6,0,"Summer"
"Changeling",32.248492,2008,10,0,"Not Summer"
"Chappie",29.372483,2015,3,0,"Not Summer"
"Charlie St. Cloud",26.64453,2010,7,0,"Summer"
"Charlie Wilson's War",60.84751,2007,1,0,"Not Summer"
"Charlotte's Web (2006)",74.438367,2006,1,0,"Not Summer"
"Cheaper by the Dozen 2",74.668267,2006,1,0,"Not Summer"
"Chef",19.848917,2014,5,0,"Summer"
"Chernobyl Diaries",16.110261,2012,5,0,"Summer"
"Children of Men",28.726643,2007,1,0,"Not Summer"
"Chimpanzee",26.340987,2012,4,0,"Summer"
"Chronicle (2012)",55.373718,2012,2,0,"Not Summer"
"Cinderella (2015)",196.273979,2015,3,0,"Not Summer"
"Cirque du Freak: The Vampire's Assistant",11.610085,2009,10,0,"Not Summer"
"Cirque Du Soleil: Worlds Away",0.927563,2012,12,0,"Not Summer"
"City of Ember",3.601414,2008,10,0,"Not Summer"
"Clash of the Titans (2010)",160.127747,2010,4,0,"Summer"
"Clerks II",20.456909,2006,7,0,"Summer"
"Click",124.18858,2006,6,0,"Summer"
"Cloud Atlas",25.214054,2012,10,0,"Not Summer"
"Cloudy with a Chance of Meatballs",119.710831,2009,9,1,"Not Summer"
"Cloudy with a Chance of Meatballs 2",110.757734,2013,9,1,"Not Summer"
"Cloverfield",73.284443,2008,1,0,"Not Summer"
"Collateral Beauty",24.342478,2016,12,0,"Not Summer"
"College",2.825655,2008,9,0,"Not Summer"
"College Road Trip",39.218415,2008,3,0,"Not Summer"
"Colombiana",34.185443,2011,8,0,"Summer"
"Compadres",1.397434,2016,4,0,"Summer"
"Conan the Barbarian (2011)",17.886474,2011,8,0,"Summer"
"Concussion (2015)",32.04423,2015,1,0,"Not Summer"
"Confessions of a Shopaholic",39.35352,2009,2,0,"Not Summer"
"Contagion",69.922166,2011,9,0,"Not Summer"
"Contraband",63.383485,2012,1,0,"Not Summer"
"Conviction",3.166144,2010,10,0,"Not Summer"
"Cop Out",41.154113,2010,2,0,"Not Summer"
"Coraline",73.624822,2009,2,1,"Not Summer"
"Country Strong",14.762364,2011,1,0,"Not Summer"
"Couples Retreat",105.38579,2009,10,0,"Not Summer"
"Courageous",31.907978,2011,9,0,"Not Summer"
"Cowboys & Aliens",85.282525,2011,7,0,"Summer"
"Crank",25.423698,2006,9,0,"Not Summer"
"Crank: High Voltage",12.805205,2009,4,0,"Summer"
"Crazy Heart",31.078105,2010,2,0,"Not Summer"
"Crazy, Stupid, Love.",79.170091,2011,7,0,"Summer"
"Creed",94.90061,2015,11,0,"Not Summer"
"Criminal (2016)",13.900304,2016,4,0,"Summer"
"Crimson Peak",27.961325,2015,10,0,"Not Summer"
"Crossover",1.187505,2006,9,0,"Not Summer"
"Curious George",53.765755,2006,2,0,"Not Summer"
"Cyrus",3.722777,2010,7,0,"Summer"
"Daddy's Home",139.980343,2015,1,0,"Not Summer"
"Daddy Day Camp",6.968031,2007,8,0,"Summer"
"Dallas Buyers Club",12.962323,2013,11,0,"Not Summer"
"Dan in Real Life",37.853829,2007,10,0,"Not Summer"
"Dance Flick",21.352174,2009,5,0,"Summer"
"Dangal",2.734879,2016,12,0,"Not Summer"
"Danny Collins",2.987499,2015,4,0,"Summer"
"Dark Shadows",78.365617,2012,5,0,"Summer"
"Dark Skies",14.310127,2013,2,0,"Not Summer"
"Date Movie",43.719371,2006,2,0,"Not Summer"
"Date Night",94.558642,2010,4,0,"Summer"
"Dave Chappelle's Block Party",7.607235,2006,3,0,"Not Summer"
"Dawn of the Planet of the Apes",202.442801,2014,7,1,"Summer"
"Daybreakers",26.545295,2010,1,0,"Not Summer"
"Dead Man Down",10.305868,2013,3,0,"Not Summer"
"Dead Silence",14.14545,2007,3,0,"Not Summer"
"Deadpool",356.324739,2016,2,0,"Not Summer"
"Dear John",77.533059,2010,2,0,"Not Summer"
"Death at a Funeral (2010)",39.357816,2010,4,0,"Summer"
"Death Race",33.232495,2008,8,0,"Summer"
"Death Sentence",8.693672,2007,8,0,"Summer"
"Deception (2008)",3.117237,2008,4,0,"Summer"
"Deck the Halls",30.144903,2006,11,0,"Not Summer"
"Deep Sea 3D (IMAX)",10.034369,2006,6,0,"Summer"
"Deepwater Horizon",59.169138,2016,9,0,"Not Summer"
"Defiance",20.297081,2009,1,0,"Not Summer"
"Definitely, Maybe",27.69133,2008,2,0,"Not Summer"
"Deja Vu",58.083987,2006,11,0,"Not Summer"
"Deliver Us From Evil",27.68375,2014,7,0,"Summer"
"Delivery Man",28.526051,2013,11,0,"Not Summer"
"Delta Farce",6.692207,2007,5,0,"Summer"
"Despicable Me",231.05699,2010,7,1,"Summer"
"Despicable Me 2",342.20612,2013,7,1,"Summer"
"Devil",28.236835,2010,9,0,"Not Summer"
"Devil's Due",13.38315,2014,1,0,"Not Summer"
"Dhoom 3",4.521939,2013,12,0,"Not Summer"
"Diary of a Wimpy Kid",57.090186,2010,3,0,"Not Summer"
"Diary of a Wimpy Kid: Dog Days",40.26747,2012,8,0,"Summer"
"Diary of a Wimpy Kid: Rodrick Rules",45.715799,2011,3,0,"Not Summer"
"Did You Hear About the Morgans?",26.800251,2009,1,0,"Not Summer"
"Dilwale",2.029522,2015,12,0,"Not Summer"
"Dinner for Schmucks",62.280114,2010,7,0,"Summer"
"Dirty Grandpa",30.89092,2016,1,0,"Not Summer"
"Disaster Movie",10.60214,2008,8,0,"Summer"
"District 9",109.772206,2009,8,0,"Summer"
"Disturbia",77.425248,2007,4,0,"Summer"
"Divergent",145.202818,2014,3,0,"Not Summer"
"Django Unchained",154.74181,2012,1,0,"Not Summer"
"Do You Believe?",10.5806,2015,3,0,"Not Summer"
"Doctor Strange",227.077962,2016,11,1,"Not Summer"
"Dolphin Tale",65.401864,2011,9,1,"Not Summer"
"Dolphin Tale 2",38.625389,2014,9,0,"Not Summer"
"Don't Be Afraid of the Dark",21.15582,2011,8,0,"Summer"
"Don't Breathe",85.571355,2016,8,0,"Summer"
"Don Jon",21.297167,2013,9,0,"Not Summer"
"Doogal",3.605899,2006,2,0,"Not Summer"
"Doomsday",9.28705,2008,3,0,"Not Summer"
"Dope",14.855224,2015,6,0,"Summer"
"Doubt",20.438304,2008,1,0,"Not Summer"
"Dr. Seuss' Horton Hears a Who!",147.959806,2008,3,0,"Not Summer"
"Dr. Seuss' The Lorax",205.253265,2012,3,0,"Not Summer"
"Dracula Untold",52.89675,2014,10,0,"Not Summer"
"Draft Day",21.377851,2014,4,0,"Summer"
"Drag Me to Hell",37.260485,2009,5,0,"Summer"
"Dragon Ball Z: Battle of Gods",1.937804,2014,8,0,"Summer"
"Dragon Ball Z: Resurrection 'F'",7.249668,2015,8,1,"Summer"
"Dragon Wars",9.311527,2007,9,0,"Not Summer"
"Dragonball Evolution",6.24962,2009,4,0,"Summer"
"Dream House",16.66871,2011,9,0,"Not Summer"
"Dreamgirls",98.043977,2006,1,0,"Not Summer"
"Dredd",12.050414,2012,9,1,"Not Summer"
"Drillbit Taylor",28.887441,2008,3,0,"Not Summer"
"Drive (2011)",23.713314,2011,9,0,"Not Summer"
"Drive Angry",6.878292,2011,2,1,"Not Summer"
"Due Date",96.064922,2010,11,0,"Not Summer"
"Dumb and Dumber To",82.764765,2014,11,0,"Not Summer"
"Duplicity",37.938535,2009,3,0,"Not Summer"
"Eagle Eye",97.142036,2008,9,0,"Not Summer"
"Earth (2009)",29.945831,2009,4,0,"Summer"
"Earth to Echo",34.144458,2014,7,0,"Summer"
"Eastern Promises",15.421263,2007,9,0,"Not Summer"
"Easy A",54.891691,2010,9,0,"Not Summer"
"Eat Pray Love",78.335695,2010,8,0,"Summer"
"Eddie the Eagle",11.917804,2016,2,0,"Not Summer"
"Edge of Darkness",41.153077,2010,1,0,"Not Summer"
"Edge of Tomorrow",90.88749,2014,6,1,"Summer"
"Eight Below",78.204379,2006,2,0,"Not Summer"
"Elizabeth: The Golden Age",12.407635,2007,10,0,"Not Summer"
"Elysium",91.349062,2013,8,0,"Summer"
"Employee of the Month",21.038727,2006,10,0,"Not Summer"
"Enchanted",116.013417,2007,1,0,"Not Summer"
"End of the Spear",5.401467,2006,1,0,"Not Summer"
"End of Watch",34.672175,2012,9,0,"Not Summer"
"Ender's Game",55.218473,2013,11,0,"Not Summer"
"Endless Love (2014)",20.66283,2014,2,0,"Not Summer"
"Enough Said",13.72368,2013,10,0,"Not Summer"
"Entourage",27.710134,2015,6,0,"Summer"
"Epic",102.189525,2013,5,1,"Summer"
"Epic Movie",36.380276,2007,1,0,"Not Summer"
"Eragon",67.043851,2006,1,0,"Not Summer"
"Escape From Planet Earth",52.178,2013,2,0,"Not Summer"
"Escape Plan",22.22005,2013,10,0,"Not Summer"
"Evan Almighty",95.18673,2007,6,0,"Summer"
"Evening",9.686094,2007,6,0,"Summer"
"Everest (2015)",39.578155,2015,9,0,"Not Summer"
"Everybody's Fine",5.133667,2009,12,0,"Not Summer"
"Everyone's Hero",11.534837,2006,9,0,"Not Summer"
"Evil Dead (2013)",52.052684,2013,4,0,"Summer"
"Ex Machina",20.571071,2015,4,0,"Summer"
"Exodus: Gods and Kings",57.525292,2014,1,1,"Not Summer"
"Expelled: No Intelligence Allowed",3.90292,2008,4,0,"Summer"
"Extract",6.438409,2009,9,0,"Not Summer"
"Extraordinary Measures",7.826311,2010,1,0,"Not Summer"
"Extremely Loud & Incredibly Close",26.060994,2012,1,0,"Not Summer"
"Eye in the Sky",15.493483,2016,3,0,"Not Summer"
"Failure to Launch",84.193661,2006,3,0,"Not Summer"
"Fair Game (2010)",3.994826,2010,11,0,"Not Summer"
"Fame (2009)",20.414616,2009,9,0,"Not Summer"
"Fan",0.481108,2016,4,0,"Summer"
"Fantastic Beasts and Where To Find Them",221.443522,2016,11,0,"Not Summer"
"Fantastic Four",49.708994,2015,8,0,"Summer"
"Fantastic Four: Rise of the Silver Surfer",124.96068,2007,6,0,"Summer"
"Fantastic Mr. Fox",11.166164,2009,11,0,"Not Summer"
"Far from the Madding Crowd",9.188671,2015,5,0,"Summer"
"Fast & Furious 6",233.9795,2013,5,0,"Summer"
"Fast and Furious",150.378865,2009,4,0,"Summer"
"Fast Five",205.94472,2011,4,0,"Summer"
"Faster",21.888059,2010,11,0,"Not Summer"
"Feel the Noise",3.187153,2007,10,0,"Not Summer"
"Fences",26.330971,2016,12,0,"Not Summer"
"Fifty Shades of Black",7.29062,2016,1,0,"Not Summer"
"Fifty Shades of Grey",162.528165,2015,2,0,"Not Summer"
"Fighting",20.935265,2009,4,0,"Summer"
"Final Destination 3",49.595902,2006,2,0,"Not Summer"
"Final Destination 5",35.359945,2011,8,1,"Summer"
"Finding Dory",471.914641,2016,6,1,"Summer"
"Finding Nemo (3D)",39.371969,2012,9,0,"Not Summer"
"Fired Up",12.804793,2009,2,0,"Not Summer"
"Firehouse Dog",7.152565,2007,4,0,"Summer"
"Fireproof",30.605134,2008,9,0,"Not Summer"
"Firewall",43.559025,2006,2,0,"Not Summer"
"First Sunday",31.167208,2008,1,0,"Not Summer"
"Flags of Our Fathers",28.139375,2006,10,0,"Not Summer"
"Flicka",15.638674,2006,10,0,"Not Summer"
"Flight",89.650804,2012,11,0,"Not Summer"
"Florence Foster Jenkins",16.853295,2016,8,0,"Summer"
"Flushed Away",60.042437,2006,11,0,"Not Summer"
"Fly Me to the Moon",10.003617,2008,9,1,"Not Summer"
"Flyboys",10.794574,2006,9,0,"Not Summer"
"Focus (2015)",50.559409,2015,2,0,"Not Summer"
"Fool's Gold",63.668656,2008,2,0,"Not Summer"
"Footloose (2011)",50.418991,2011,10,0,"Not Summer"
"For Colored Girls",34.844387,2010,11,0,"Not Summer"
"For Greater Glory",1.885608,2012,6,0,"Summer"
"Forgetting Sarah Marshall",61.06966,2008,4,0,"Summer"
"Four Christmases",108.603765,2008,11,0,"Not Summer"
"Fracture",37.552286,2007,4,0,"Summer"
"Frank Miller's Sin City: A Dame to Kill For",12.216887,2014,8,0,"Summer"
"Frankenweenie",28.238779,2012,10,1,"Not Summer"
"Fred Claus",69.78089,2007,11,0,"Not Summer"
"Free Birds",51.057591,2013,11,1,"Not Summer"
"Free State of Jones",17.936708,2016,6,0,"Summer"
"Freedom Writers",32.289461,2007,1,0,"Not Summer"
"Freedomland",11.672474,2006,2,0,"Not Summer"
"Friday the 13th (2009)",61.841192,2009,2,0,"Not Summer"
"Friends with Benefits",51.232882,2011,7,0,"Summer"
"Friends with Money",6.003477,2006,4,0,"Summer"
"Fright Night (2011)",15.762135,2011,8,0,"Summer"
"From Paris with Love",22.269426,2010,2,0,"Not Summer"
"Frozen",396.581728,2013,1,1,"Not Summer"
"Fruitvale Station",7.339206,2013,7,0,"Summer"
"Fun Size",4.891866,2012,10,0,"Not Summer"
"Fun with Dick and Jane",105.363772,2006,1,0,"Not Summer"
"Funny People",47.91062,2009,7,0,"Summer"
"Furious 7",348.5324,2015,4,1,"Summer"
"Furry Vengeance",15.366166,2010,4,0,"Summer"
"Fury (2014)",82.366273,2014,10,0,"Not Summer"
"G-Force",112.254185,2009,7,1,"Summer"
"G.I. Joe: Retaliation",119.156891,2013,3,1,"Not Summer"
"G.I. Joe: The Rise of Cobra",141.301037,2009,8,0,"Summer"
"Gamer",17.583862,2009,9,0,"Not Summer"
"Gangster Squad",41.249058,2013,1,0,"Not Summer"
"Garfield: A Tail of Two Kitties",25.676743,2006,6,0,"Summer"
"Georgia Rule",17.527705,2007,5,0,"Summer"
"Get Hard",86.50399,2015,3,0,"Not Summer"
"Get Him to the Greek",58.71243,2010,6,0,"Summer"
"Get On Up",25.100655,2014,8,0,"Summer"
"Get Smart",121.913991,2008,6,0,"Summer"
"Getaway (2013)",7.132394,2013,8,0,"Summer"
"Ghost Rider",111.53776,2007,2,0,"Not Summer"
"Ghost Rider: Spirit of Vengeance",45.138096,2012,2,1,"Not Summer"
"Ghost Town",6.291047,2008,9,0,"Not Summer"
"Ghostbusters (2016)",119.409002,2016,7,0,"Summer"
"Ghosts of Girlfriends Past",50.986951,2009,5,0,"Summer"
"Girl in Progress",1.384078,2012,5,0,"Summer"
"Glee The 3D Concert Movie",2.734591,2011,8,0,"Summer"
"Glory Road",36.948746,2006,1,0,"Not Summer"
"Gnomeo and Juliet",93.58729,2011,2,1,"Not Summer"
"Goal! The Dream Begins",0.667124,2006,5,0,"Summer"
"God's Not Dead",58.186352,2014,3,0,"Not Summer"
"God's Not Dead 2",18.958215,2016,4,0,"Summer"
"Gods of Egypt",28.20354,2016,2,1,"Not Summer"
"Godzilla (2014)",196.0851,2014,5,0,"Summer"
"Going the Distance",15.416059,2010,9,0,"Not Summer"
"Gone",5.947977,2012,2,0,"Not Summer"
"Gone Baby Gone",17.594734,2007,10,0,"Not Summer"
"Gone Girl",163.37657,2014,10,0,"Not Summer"
"Good Luck Chuck",33.535975,2007,9,0,"Not Summer"
"Goosebumps",76.701051,2015,10,1,"Not Summer"
"Gracie",2.761318,2007,6,0,"Summer"
"Gran Torino",142.324041,2009,1,0,"Not Summer"
"Grandma (2015)",4.361581,2015,9,0,"Not Summer"
"Gravity",247.142861,2013,10,1,"Not Summer"
"Green Lantern",111.430033,2011,6,1,"Summer"
"Green Zone",31.870025,2010,3,0,"Not Summer"
"Gridiron Gang",37.201246,2006,9,0,"Not Summer"
"Grindhouse",21.31552,2007,4,0,"Summer"
"Grown Ups",154.040553,2010,6,0,"Summer"
"Grown Ups 2",125.68543,2013,7,0,"Summer"
"Grudge Match",23.633026,2013,1,0,"Not Summer"
"Guardians of the Galaxy",324.269904,2014,8,1,"Summer"
"Gulliver's Travels",28.387195,2010,1,1,"Not Summer"
"Hacksaw Ridge",61.898104,2016,11,0,"Not Summer"
"Hail, Caesar!",27.17281,2016,2,0,"Not Summer"
"Hairspray (2007)",114.216,2007,7,0,"Summer"
"Hall Pass",40.61811,2011,2,0,"Not Summer"
"Halloween (2007)",53.084028,2007,8,0,"Summer"
"Halloween II (2009)",27.979893,2009,8,0,"Summer"
"Hancock",222.625918,2008,7,0,"Summer"
"Hanna",36.798098,2011,4,0,"Summer"
"Hannah Montana The Movie",75.488368,2009,4,0,"Summer"
"Hannah Montana/Miley Cyrus: Best of Both Worlds Concert Tour",60.082689,2008,2,0,"Not Summer"
"Hannibal Rising",24.15731,2007,2,0,"Not Summer"
"Hansel and Gretel: Witch Hunters",51.260554,2013,1,0,"Not Summer"
"Happily N'Ever After",11.865637,2007,1,0,"Not Summer"
"Happy Feet",181.40972,2006,1,0,"Not Summer"
"Happy Feet Two",57.832544,2011,11,1,"Not Summer"
"Hardcore Henry",8.267441,2016,4,0,"Summer"
"Harold and Kumar Escape from Guantanamo Bay",36.480065,2008,4,0,"Summer"
"Harry Potter and the Deathly Hallows Part 1",270.527686,2010,11,0,"Not Summer"
"Harry Potter and the Deathly Hallows Part 2",376.103101,2011,7,0,"Summer"
"Harry Potter and the Goblet of Fire",277.724469,2006,1,0,"Not Summer"
"Harry Potter and the Half-Blood Prince",291.791652,2009,7,1,"Summer"
"Harry Potter and the Order of the Phoenix",280.828522,2007,7,1,"Summer"
"Haywire",16.644904,2012,1,0,"Not Summer"
"He's Just Not That Into You",90.294382,2009,2,0,"Not Summer"
"Heaven is for Real",87.212475,2014,4,0,"Summer"
"Hell or High Water",25.262126,2016,8,0,"Summer"
"Hellboy II: The Golden Army",68.74581,2008,7,0,"Summer"
"Hello, My Name is Doris",10.127107,2016,3,0,"Not Summer"
"Her (2013)",20.047516,2014,1,0,"Not Summer"
"Hercules (2014)",67.595189,2014,7,0,"Summer"
"Here Comes the Boom",41.349279,2012,10,0,"Not Summer"
"Hereafter",30.130349,2010,10,0,"Not Summer"
"High School Musical 3: Senior Year",87.562257,2008,10,0,"Not Summer"
"Hillary's America: The Secret History of the Democratic Party",10.190946,2016,7,0,"Summer"
"Hillsong - Let Hope Rise",0.628782,2016,9,0,"Not Summer"
"Hit and Run",6.783057,2012,8,0,"Summer"
"Hitman",37.122401,2007,11,0,"Not Summer"
"Hitman: Agent 47",20.920275,2015,8,0,"Summer"
"Hollywoodland",11.434376,2006,9,0,"Not Summer"
"Home (2015)",171.090607,2015,3,0,"Not Summer"
"Homefront",19.257055,2013,11,0,"Not Summer"
"Hoodwinked",47.459067,2006,1,0,"Not Summer"
"Hoodwinked Too! Hood vs. Evil",9.291618,2011,4,1,"Summer"
"Hoot",6.380246,2006,5,0,"Summer"
"Hop",105.403285,2011,4,0,"Summer"
"Hope Springs",61.298155,2012,8,0,"Summer"
"Horrible Bosses",107.564646,2011,7,0,"Summer"
"Horrible Bosses 2",45.574692,2014,11,0,"Not Summer"
"Hostel",44.024846,2006,1,0,"Not Summer"
"Hostel Part II",16.040871,2007,6,0,"Summer"
"Hot Fuzz",21.675127,2007,4,0,"Summer"
"Hot Pursuit",32.709815,2015,5,0,"Summer"
"Hot Rod",8.792476,2007,8,0,"Summer"
"Hot Tub Time Machine",46.510924,2010,3,0,"Not Summer"
"Hot Tub Time Machine 2",11.274865,2015,2,0,"Not Summer"
"Hotel for Dogs",62.085972,2009,1,0,"Not Summer"
"Hotel Transylvania",142.734519,2012,9,1,"Not Summer"
"Hotel Transylvania 2",165.208755,2015,9,1,"Not Summer"
"House at the End of The Street",28.686004,2012,9,0,"Not Summer"
"How Do You Know",9.743996,2010,12,0,"Not Summer"
"How She Move",1.244211,2008,1,0,"Not Summer"
"How to Be Single",41.203465,2016,2,0,"Not Summer"
"How to Eat Fried Worms",5.297,2006,8,0,"Summer"
"How to Train Your Dragon",213.39486,2010,3,1,"Not Summer"
"How to Train Your Dragon 2",167.354057,2014,6,1,"Summer"
"Hugo",42.93215,2011,11,1,"Not Summer"
"I Am Legend",249.45564,2007,1,0,"Not Summer"
"I Am Number Four",48.195409,2011,2,0,"Not Summer"
"I Don't Know How She Does It",8.820438,2011,9,0,"Not Summer"
"I Know Who Killed Me",5.066322,2007,7,0,"Summer"
"I Love You Beth Cooper",12.657865,2009,7,0,"Summer"
"I Love You, Man",65.856939,2009,3,0,"Not Summer"
"I Now Pronounce You Chuck and Larry",111.45434,2007,7,0,"Summer"
"I Think I Love My Wife",10.480651,2007,3,0,"Not Summer"
"I, Frankenstein",15.736776,2014,1,1,"Not Summer"
"I.O.U.S.A.",0.538441,2008,8,0,"Summer"
"Ice Age: Collision Course",56.673271,2016,7,1,"Summer"
"Ice Age: Continental Drift",147.186416,2012,7,1,"Summer"
"Ice Age: Dawn of the Dinosaurs",185.200845,2009,7,1,"Summer"
"Ice Age: The Meltdown",190.496877,2006,3,0,"Not Summer"
"Identity Thief",128.81789,2013,2,0,"Not Summer"
"Idlewild",5.74578,2006,8,0,"Summer"
"If I Stay",48.064584,2014,8,0,"Summer"
"Igor",15.159435,2008,9,0,"Not Summer"
"Imagine That",13.124742,2009,6,0,"Summer"
"Immortals",81.038005,2011,11,1,"Not Summer"
"In the Heart of the Sea",21.31743,2015,12,1,"Not Summer"
"In the Land of Women",9.308837,2007,4,0,"Summer"
"In the Valley of Elah",3.884195,2007,10,0,"Not Summer"
"In Time",33.9479,2011,10,0,"Not Summer"
"Incarnate",2.690771,2016,12,0,"Not Summer"
"Inception",287.501168,2010,7,0,"Summer"
"Independence Day: Resurgence",100.057324,2016,6,1,"Summer"
"Indiana Jones and the Kingdom of the Crystal Skull",311.613615,2008,5,0,"Summer"
"Inferno",32.733473,2016,10,0,"Not Summer"
"Inglourious Basterds",115.474882,2009,8,0,"Summer"
"Inkheart",12.813023,2009,1,0,"Not Summer"
"Inside Man",82.384215,2006,3,0,"Not Summer"
"Inside Out",349.526793,2015,6,1,"Summer"
"Insidious",50.421319,2011,4,0,"Summer"
"Insidious Chapter 2",82.412431,2013,9,0,"Not Summer"
"Insidious Chapter 3",50.368393,2015,6,0,"Summer"
"Instructions Not Included",41.258393,2013,8,0,"Summer"
"Interstellar",173.390457,2014,11,0,"Not Summer"
"Into The Storm",38.304693,2014,8,0,"Summer"
"Into the Woods",122.446032,2014,1,0,"Not Summer"
"Invictus",31.784643,2009,1,0,"Not Summer"
"Invincible",52.149527,2006,8,0,"Summer"
"Iron Man",306.922205,2008,5,0,"Summer"
"Iron Man 2",308.844539,2010,5,0,"Summer"
"Iron Man 3",405.046013,2013,5,1,"Summer"
"It's Complicated",105.45399,2009,1,0,"Not Summer"
"It Follows",12.461145,2015,3,0,"Not Summer"
"J. Edgar",33.572698,2011,11,0,"Not Summer"
"Jab Tak Hai Jaan",1.941805,2012,11,0,"Not Summer"
"Jack and Jill",68.911518,2011,11,0,"Not Summer"
"Jack Reacher",74.177333,2012,1,0,"Not Summer"
"Jack Reacher: Never Go Back",55.669185,2016,10,0,"Not Summer"
"Jack Ryan: Shadow Recruit",45.446861,2014,1,0,"Not Summer"
"Jack the Giant Slayer",60.380322,2013,3,1,"Not Summer"
"Jackass 3-D",115.204304,2010,10,0,"Not Summer"
"Jackass Presents: Bad Grandpa",96.247353,2013,10,0,"Not Summer"
"Jackass: Number Two",69.528878,2006,9,0,"Not Summer"
"Jason Bourne",156.98129,2016,7,1,"Summer"
"Jennifer's Body",13.52576,2009,9,0,"Not Summer"
"Jersey Boys",42.926509,2014,6,0,"Summer"
"Jet Li's Fearless",22.557572,2006,9,0,"Not Summer"
"Jobs",9.143287,2013,8,0,"Summer"
"John Carter",68.401011,2012,3,1,"Not Summer"
"John Tucker Must Die",36.748658,2006,7,0,"Summer"
"John Wick",39.733701,2014,10,0,"Not Summer"
"Johnny English Reborn",6.465685,2011,10,0,"Not Summer"
"Jonah Hex",9.432203,2010,6,0,"Summer"
"Jonas Brothers: The 3D Concert Experience",16.838775,2009,2,1,"Not Summer"
"Journey 2: The Mysterious Island",99.742097,2012,2,1,"Not Summer"
"Journey to the Center of the Earth",88.969398,2008,7,1,"Summer"
"Joy",53.059638,2015,1,0,"Not Summer"
"Joyful Noise",23.48751,2012,1,0,"Not Summer"
"Judy Moody and the NOT Bummer Summer",12.82997,2011,6,0,"Summer"
"Julie & Julia",89.337483,2009,8,0,"Summer"
"Jumper",74.264786,2008,2,0,"Not Summer"
"Jumping the Broom",35.9073,2011,5,0,"Summer"
"Juno",135.969151,2007,1,0,"Not Summer"
"Jupiter Ascending",41.011063,2015,2,1,"Not Summer"
"Jurassic Park 3D",42.859985,2013,4,0,"Summer"
"Jurassic World",642.978555,2015,6,1,"Summer"
"Just Go With It",95.719209,2011,2,0,"Not Summer"
"Just My Luck",15.68867,2006,5,0,"Summer"
"Just Wright",19.42596,2010,5,0,"Summer"
"Justin Bieber: Never Say Never",68.828539,2011,2,1,"Not Summer"
"Kabali",1.925379,2016,7,0,"Summer"
"Katy Perry: Part of Me",22.849123,2012,7,1,"Summer"
"Keanu",19.48335,2016,4,0,"Summer"
"Keeping Up with the Joneses",12.215236,2016,10,0,"Not Summer"
"Kevin Hart: Laugh at My Pain",0.758461,2011,9,0,"Not Summer"
"Kevin Hart: Let Me Explain",27.148877,2013,7,0,"Summer"
"Kevin Hart: What Now?",22.444765,2016,10,0,"Not Summer"
"Kick-Ass",46.076235,2010,4,0,"Summer"
"Kick-Ass 2",24.529045,2013,8,0,"Summer"
"Killer Elite",22.258609,2011,9,0,"Not Summer"
"Killers",44.4861,2010,6,0,"Summer"
"Killing Them Softly",13.132305,2012,11,0,"Not Summer"
"King Kong",209.875885,2006,1,0,"Not Summer"
"Kingsman: The Secret Service",124.980248,2015,2,0,"Not Summer"
"Kit Kittredge: An American Girl",12.817946,2008,7,0,"Summer"
"Kites",0.959329,2010,5,0,"Summer"
"Knight & Day",70.981721,2010,6,0,"Summer"
"Knocked Up",143.93535,2007,6,0,"Summer"
"Knowing",74.83735,2009,3,0,"Not Summer"
"Krampus",38.269095,2015,12,0,"Not Summer"
"Kubo and the Two Strings",45.975957,2016,8,1,"Summer"
"Kung Fu Panda",207.941754,2008,6,0,"Summer"
"Kung Fu Panda 2",154.721363,2011,5,1,"Summer"
"Kung Fu Panda 3",137.413515,2016,1,1,"Not Summer"
"La La Land",30.980271,2016,12,0,"Not Summer"
"Labor Day",11.194568,2014,1,0,"Not Summer"
"Lady in the Water",35.922083,2006,7,0,"Summer"
"Lakeview Terrace",33.547085,2008,9,0,"Not Summer"
"Land of the Lost",45.61998,2009,6,0,"Summer"
"Larry Crowne",33.30793,2011,7,0,"Summer"
"Larry the Cable Guy: Health Inspector",10.824638,2006,3,0,"Not Summer"
"Last Chance Harvey",6.283014,2009,1,0,"Not Summer"
"Last Holiday",36.334394,2006,1,0,"Not Summer"
"Last Ounce of Courage",0.69,2012,9,0,"Not Summer"
"Last Vegas",58.980202,2013,11,0,"Not Summer"
"Law Abiding Citizen",70.413081,2009,10,0,"Not Summer"
"Lawless",35.40964,2012,8,0,"Summer"
"Leap Year",19.966185,2010,1,0,"Not Summer"
"Leatherheads",27.4603,2008,4,0,"Summer"
"Lee Daniels' The Butler",111.17774,2013,8,0,"Summer"
"Left Behind (2014)",11.927217,2014,10,0,"Not Summer"
"Legend of the Guardians: The Owls of Ga'Hoole",53.239584,2010,9,1,"Not Summer"
"Legends of Oz: Dorothy's Return",7.233278,2014,5,1,"Summer"
"Legion (2010)",36.101895,2010,1,0,"Not Summer"
"Les Miserables (2012)",142.428155,2012,1,0,"Not Summer"
"Let's Be Cops",80.047103,2014,8,0,"Summer"
"Let Me In",9.996469,2010,10,0,"Not Summer"
"Letters to God",1.088873,2010,4,0,"Summer"
"Letters to Juliet",50.475034,2010,5,0,"Summer"
"License to Wed",40.420048,2007,7,0,"Summer"
"Life as We Know It",45.440073,2010,10,0,"Not Summer"
"Life of Pi",114.643016,2012,2,1,"Not Summer"
"Lights Out",62.620376,2016,7,0,"Summer"
"Limitless",71.337594,2011,3,0,"Not Summer"
"Lincoln",174.268736,2012,1,0,"Not Summer"
"Lions for Lambs",12.123082,2007,11,0,"Not Summer"
"Little Boy",1.355876,2015,4,0,"Summer"
"Little Fockers",142.85088,2010,1,0,"Not Summer"
"Little Man",52.551984,2006,7,0,"Summer"
"Little Miss Sunshine",53.731299,2006,8,0,"Summer"
"Live Free or Die Hard",128.045507,2007,6,0,"Summer"
"Lockout",7.969032,2012,4,0,"Summer"
"London Has Fallen",57.175972,2016,3,0,"Not Summer"
"Lone Survivor",119.730906,2014,1,0,"Not Summer"
"Looper",59.413306,2012,9,0,"Not Summer"
"Lottery Ticket",16.290099,2010,8,0,"Summer"
"Love & Friendship",4.882374,2016,5,0,"Summer"
"Love & Mercy",5.455805,2015,6,0,"Summer"
"Love and Other Drugs",29.089263,2010,11,0,"Not Summer"
"Love Happens",19.785415,2009,9,0,"Not Summer"
"Love in the Time of Cholera",2.231856,2007,11,0,"Not Summer"
"Love the Coopers",20.453601,2015,11,0,"Not Summer"
"Lucky Number Slevin",19.634133,2006,4,0,"Summer"
"Lucky You",3.622974,2007,5,0,"Summer"
"Lucy",121.950375,2014,7,1,"Summer"
"MacGruber",8.361855,2010,5,0,"Summer"
"Machete",25.090845,2010,9,0,"Not Summer"
"Machete Kills",6.843387,2013,10,0,"Not Summer"
"Mad Max: Fury Road",148.692467,2015,5,1,"Summer"
"Mad Money",16.551781,2008,1,0,"Not Summer"
"Madagascar 3: Europe's Most Wanted",208.6704,2012,6,1,"Summer"
"Madagascar: Escape 2 Africa",173.788445,2008,11,0,"Not Summer"
"Made of Honor",45.097458,2008,5,0,"Summer"
"Magic Mike",111.425943,2012,6,0,"Summer"
"Magic Mike XXL",61.267078,2015,7,0,"Summer"
"Maleficent",230.339184,2014,5,1,"Summer"
"Mama",66.238255,2013,1,0,"Not Summer"
"Mamma Mia!",140.145715,2008,7,0,"Summer"
"Man of Steel",283.181087,2013,6,1,"Summer"
"Man of the Year",34.92403,2006,10,0,"Not Summer"
"Man on a Ledge",16.17021,2012,1,0,"Not Summer"
"Manchester by the Sea",27.055039,2016,12,0,"Not Summer"
"Marie Antoinette",13.514093,2006,10,0,"Not Summer"
"Marley and Me",135.060196,2008,1,0,"Not Summer"
"Marmaduke",28.417623,2010,6,0,"Summer"
"Mars Needs Moms",20.023746,2011,3,1,"Not Summer"
"Martian Child",6.398,2007,11,0,"Not Summer"
"Marvel's The Avengers",608.482552,2012,5,1,"Summer"
"Masterminds (2016)",14.511406,2016,9,0,"Not Summer"
"Material Girls",6.190228,2006,8,0,"Summer"
"Max (2015)",35.975655,2015,6,0,"Summer"
"Max Payne",36.864362,2008,10,0,"Not Summer"
"Maze Runner: The Scorch Trials",76.279959,2015,9,1,"Not Summer"
"McFarland, USA",39.441696,2015,2,0,"Not Summer"
"Me and Earl and the Dying Girl",4.88079,2015,7,0,"Summer"
"Me Before You",52.886795,2016,6,0,"Summer"
"Mechanic: Resurrection",16.946261,2016,8,0,"Summer"
"Meet Dave",8.272024,2008,7,0,"Summer"
"Meet the Blacks",4.727277,2016,4,0,"Summer"
"Meet the Mormons",3.737896,2014,10,0,"Not Summer"
"Meet the Robinsons",94.29651,2007,3,1,"Not Summer"
"Meet the Spartans",33.95085,2008,1,0,"Not Summer"
"Megamind",140.950962,2010,11,1,"Not Summer"
"Memoirs of a Geisha",52.262006,2006,1,0,"Not Summer"
"Metallica Through the Never",0.8114,2013,9,0,"Not Summer"
"Miami Vice",57.42512,2006,7,0,"Summer"
"MIB 3",166.740086,2012,5,0,"Summer"
"Michael Clayton",35.185572,2007,10,0,"Not Summer"
"Michael Jackson's This Is It",70.702401,2009,10,0,"Not Summer"
"Middle School: The Worst Years of My Life",14.709927,2016,10,0,"Not Summer"
"Midnight in Paris",45.695019,2011,5,0,"Summer"
"Mike and Dave Need Wedding Dates",42.537112,2016,7,0,"Summer"
"Milk",8.680883,2008,11,0,"Not Summer"
"Million Dollar Arm",32.666879,2014,5,0,"Summer"
"Minions",332.561115,2015,7,1,"Summer"
"Miracle at St. Anna",4.59339,2008,9,0,"Not Summer"
"Miracles from Heaven",57.685786,2016,3,0,"Not Summer"
"Mirror Mirror",55.499932,2012,3,0,"Not Summer"
"Mirrors",25.944208,2008,8,0,"Summer"
"Miss March",3.456944,2009,3,0,"Not Summer"
"Miss Peregrine's Home for Peculiar Children",83.947107,2016,9,1,"Not Summer"
"Miss Pettigrew Lives for a Day",3.14477,2008,3,0,"Not Summer"
"Miss Sloane",2.603426,2016,12,0,"Not Summer"
"Mission: Impossible - Ghost Protocol",199.091325,2011,1,0,"Not Summer"
"Mission: Impossible - Rogue Nation",192.554302,2015,7,0,"Summer"
"Mission: Impossible III",128.81985,2006,5,0,"Summer"
"Moana",206.477478,2016,11,1,"Not Summer"
"Moms' Night Out",7.965846,2014,5,0,"Summer"
"Money Monster",36.43941,2016,5,0,"Summer"
"Moneyball",69.850469,2011,9,0,"Not Summer"
"Monkey Kingdom",14.860169,2015,4,0,"Summer"
"Monster House",65.00055,2006,7,1,"Summer"
"Monsters University",252.612188,2013,6,1,"Summer"
"Monsters Vs. Aliens",194.101824,2009,3,0,"Not Summer"
"Monsters, Inc. (3D)",27.981554,2012,1,0,"Not Summer"
"Monte Carlo",21.296615,2011,7,0,"Summer"
"Moonlight (2016)",6.985105,2016,11,0,"Not Summer"
"Moonrise Kingdom",39.539044,2012,6,0,"Summer"
"Morning Glory",27.329723,2010,11,0,"Not Summer"
"Mortdecai",5.419265,2015,1,0,"Not Summer"
"Mother's Day",31.883943,2016,4,0,"Summer"
"Movie 43",5.137711,2013,1,0,"Not Summer"
"Mr. Bean's Holiday",27.87287,2007,8,0,"Summer"
"Mr. Brooks",25.053059,2007,6,0,"Summer"
"Mr. Holmes",7.971379,2015,7,0,"Summer"
"Mr. Magorium's Wonder Emporium",20.529495,2007,11,0,"Not Summer"
"Mr. Peabody & Sherman",105.851321,2014,3,1,"Not Summer"
"Mr. Popper's Penguins",60.104661,2011,6,0,"Summer"
"Mr. Woodcock",22.61359,2007,9,0,"Not Summer"
"Mud",17.427495,2013,4,0,"Summer"
"Munich",34.953375,2006,1,0,"Not Summer"
"Muppets Most Wanted",47.250553,2014,3,0,"Not Summer"
"Music and Lyrics",48.287917,2007,2,0,"Not Summer"
"My All American",0.52,2015,11,0,"Not Summer"
"My Best Friend's Girl",16.047683,2008,9,0,"Not Summer"
"My Big Fat Greek Wedding 2",58.28841,2016,3,0,"Not Summer"
"My Bloody Valentine 3-D",46.325554,2009,1,0,"Not Summer"
"My Life in Ruins",4.661283,2009,6,0,"Summer"
"My Sister's Keeper",43.740549,2009,6,0,"Summer"
"My Soul to Take",12.91328,2010,10,1,"Not Summer"
"My Super Ex-Girlfriend",19.118663,2006,7,0,"Summer"
"Nacho Libre",78.187819,2006,6,0,"Summer"
"Nancy Drew",19.334739,2007,6,0,"Summer"
"Nanny McPhee",40.23292,2006,1,0,"Not Summer"
"Nanny McPhee Returns",23.67266,2010,8,0,"Summer"
"National Lampoon's Van Wilder: The Rise of Taj",2.49356,2006,12,0,"Not Summer"
"National Treasure: Book of Secrets",205.988174,2007,1,0,"Not Summer"
"Need for Speed",41.394244,2014,3,1,"Not Summer"
"Neighbors",144.348575,2014,5,0,"Summer"
"Neighbors 2: Sorority Rising",50.968225,2016,5,0,"Summer"
"Nerve",34.037642,2016,7,0,"Summer"
"Never Back Down",19.712226,2008,3,0,"Not Summer"
"New in Town",8.628291,2009,1,0,"Not Summer"
"New Year's Eve",51.24744,2011,1,0,"Not Summer"
"Next",16.727747,2007,4,0,"Summer"
"Next Day Air",8.195407,2009,5,0,"Summer"
"Nick and Norah's Infinite Playlist",27.522455,2008,10,0,"Not Summer"
"Night at the Museum",239.470145,2006,1,0,"Not Summer"
"Night at the Museum: Battle of the Smithsonian",170.848363,2009,5,0,"Summer"
"Night at the Museum: Secret of the Tomb",106.235092,2014,1,0,"Not Summer"
"Nightcrawler",30.490222,2014,10,0,"Not Summer"
"Nights in Rodanthe",37.900254,2008,9,0,"Not Summer"
"Nim's Island",44.395857,2008,4,0,"Summer"
"Nine",15.222107,2009,1,0,"Not Summer"
"Nine Lives (2016)",15.654024,2016,8,0,"Summer"
"Ninja Assassin",35.487088,2009,11,0,"Not Summer"
"Nitro Circus the Movie 3D",0.665679,2012,8,0,"Summer"
"No Country for Old Men",71.057819,2007,2,0,"Not Summer"
"No Escape",25.220002,2015,8,0,"Summer"
"No Good Deed (2014)",50.157393,2014,9,0,"Not Summer"
"No Manches Frida",7.332279,2016,9,0,"Not Summer"
"No Reservations",34.154815,2007,7,0,"Summer"
"No Strings Attached",67.309389,2011,1,0,"Not Summer"
"Noah",94.26886,2014,3,1,"Not Summer"
"Nocturnal Animals",7.847842,2016,12,0,"Not Summer"
"Non-Stop",88.584415,2014,2,0,"Not Summer"
"Norbit",92.438806,2007,2,0,"Not Summer"
"Norm of the North",14.291466,2016,1,0,"Not Summer"
"Not Easily Broken",5.314278,2009,1,0,"Not Summer"
"Nothing Like the Holidays",4.619074,2008,12,0,"Not Summer"
"Notorious (2009)",32.301859,2009,1,0,"Not Summer"
"Now You See Me",111.977702,2013,5,0,"Summer"
"Now You See Me 2",60.01346,2016,6,0,"Summer"
"Oasis: Supersonic",0.204883,2016,10,0,"Not Summer"
"Oblivion",87.335155,2013,4,0,"Summer"
"Observe and Report",20.425441,2009,4,0,"Summer"
"Obsessed",67.637906,2009,4,0,"Summer"
"Ocean's Thirteen",113.520939,2007,6,0,"Summer"
"Oceans",18.173487,2010,4,0,"Summer"
"October Baby (2012)",2.371,2012,3,0,"Not Summer"
"Oculus",23.039286,2014,4,0,"Summer"
"Office Christmas Party",44.086811,2016,12,0,"Not Summer"
"Old Dogs",44.683415,2009,11,0,"Not Summer"
"Olympus Has Fallen",95.877624,2013,3,0,"Not Summer"
"Om Shanti Om",1.764131,2007,11,0,"Not Summer"
"Once",1.605733,2007,6,0,"Summer"
"One Day",6.292933,2011,8,0,"Summer"
"One Direction: This is Us",26.957384,2013,8,0,"Summer"
"One For the Money",22.053853,2012,1,0,"Not Summer"
"One Missed Call",20.493337,2008,1,0,"Not Summer"
"One Night with the King",5.307651,2006,10,0,"Not Summer"
"Open Season",82.103966,2006,9,1,"Not Summer"
"Orphan",36.769339,2009,7,0,"Summer"
"Ouija",47.472835,2014,10,0,"Not Summer"
"Ouija: Origin of Evil",32.51009,2016,10,0,"Not Summer"
"Our Brand Is Crisis (2015)",6.502837,2015,10,0,"Not Summer"
"Our Family Wedding",16.938462,2010,3,0,"Not Summer"
"Our Idiot Brother",22.377419,2011,8,0,"Summer"
"Out of the Furnace",10.60114,2013,12,0,"Not Summer"
"Over the Hedge",146.438334,2006,5,0,"Summer"
"Oz The Great and Powerful",232.613195,2013,3,0,"Not Summer"
"P.K.",5.119015,2014,12,0,"Not Summer"
"P.S. I Love You",48.490661,2007,1,0,"Not Summer"
"P2",2.771392,2007,11,0,"Not Summer"
"Pacific Rim",94.783453,2013,7,1,"Summer"
"Paddington",67.81645,2015,1,0,"Not Summer"
"Pain and Gain",48.848486,2013,4,0,"Summer"
"Pan",27.281694,2015,10,1,"Not Summer"
"Pan's Labyrinth",27.846625,2007,1,0,"Not Summer"
"Pandorum",8.069965,2009,9,0,"Not Summer"
"Paper Towns",27.354364,2015,7,0,"Summer"
"Paranoia",1.308413,2013,8,0,"Summer"
"Paranormal Activity",105.184603,2009,10,0,"Not Summer"
"Paranormal Activity 2",82.63777,2010,10,0,"Not Summer"
"Paranormal Activity 3",102.619195,2011,10,0,"Not Summer"
"Paranormal Activity 4",51.250694,2012,10,0,"Not Summer"
"Paranormal Activity: The Ghost Dimension",16.267178,2015,10,1,"Not Summer"
"Paranormal Activity: The Marked Ones",28.456019,2014,1,0,"Not Summer"
"ParaNorman",53.050043,2012,8,1,"Summer"
"Parental Guidance",67.65799,2012,1,0,"Not Summer"
"Parker",13.980653,2013,1,0,"Not Summer"
"Passengers (2016)",55.380209,2016,12,0,"Not Summer"
"Pathfinder: Legend of the Ghost Warrior",6.360568,2007,4,0,"Summer"
"Patterns of Evidence: The Exodus",0.764309,2016,1,0,"Not Summer"
"Paul",33.33595,2011,3,0,"Not Summer"
"Paul Blart: Mall Cop",139.20923,2009,1,0,"Not Summer"
"Paul Blart: Mall Cop 2",66.931656,2015,4,0,"Summer"
"Pearl Jam Twenty",0.280343,2011,9,0,"Not Summer"
"Penelope",4.027475,2008,2,0,"Not Summer"
"Penguins of Madagascar",66.942989,2014,11,1,"Not Summer"
"People Like Us",9.809769,2012,6,0,"Summer"
"Percy Jackson & The Olympians: The Lightning Thief",83.328333,2010,2,0,"Not Summer"
"Percy Jackson: Sea of Monsters",62.093587,2013,8,1,"Summer"
"Perfect Stranger",21.767902,2007,4,0,"Summer"
"Pete's Dragon (2016)",72.917327,2016,8,0,"Summer"
"Phat Girlz",3.564852,2006,4,0,"Summer"
"Philomena",12.111552,2013,11,0,"Not Summer"
"Pineapple Express",84.932996,2008,8,0,"Summer"
"Piranha 3D",20.095807,2010,8,1,"Summer"
"Pirate Radio",3.104362,2009,11,0,"Not Summer"
"Pirates of the Caribbean: At World's End",302.56203,2007,5,0,"Summer"
"Pirates of the Caribbean: Dead Man's Chest",414.013957,2006,7,0,"Summer"
"Pirates of the Caribbean: On Stranger Tides",231.547893,2011,5,1,"Summer"
"Pitch Perfect",61.533013,2012,9,0,"Not Summer"
"Pitch Perfect 2",179.59376,2015,5,0,"Summer"
"Pixels",65.570023,2015,7,1,"Summer"
"Planes",86.392029,2013,8,1,"Summer"
"Planes: Fire & Rescue",53.95905,2014,7,1,"Summer"
"Planet 51",34.875368,2009,11,0,"Not Summer"
"Playing for Keeps",11.491507,2012,12,0,"Not Summer"
"Point Break (2015)",24.608623,2015,1,0,"Not Summer"
"Poltergeist (2015)",45.236704,2015,5,0,"Summer"
"Pompeii",21.483891,2014,2,1,"Not Summer"
"Ponyo",8.136515,2009,8,0,"Summer"
"Popstar: Never Stop Never Stopping",6.63128,2016,6,0,"Summer"
"Poseidon",55.878117,2006,5,0,"Summer"
"Post Grad",1.025777,2009,8,0,"Summer"
"Precious: Based on the Novel ""Push"" by Sapphire",33.969935,2009,11,0,"Not Summer"
"Predators",48.397959,2010,7,0,"Summer"
"Prem Ratan Dhan Payo",3.158791,2015,11,0,"Not Summer"
"Premium Rush",17.19156,2012,8,0,"Summer"
"Premonition",41.419271,2007,3,0,"Not Summer"
"Pride",3.750916,2007,3,0,"Not Summer"
"Pride & Glory",13.088321,2008,10,0,"Not Summer"
"Pride and Prejudice and Zombies",6.891197,2016,2,0,"Not Summer"
"Priest",28.337212,2011,5,1,"Summer"
"Primeval",7.716473,2007,1,0,"Not Summer"
"Prince of Persia: The Sands of Time",87.45417,2010,5,0,"Summer"
"Prisoners",59.440179,2013,9,0,"Not Summer"
"Project Almanac",20.130127,2015,1,0,"Not Summer"
"Project X",53.442484,2012,3,0,"Not Summer"
"Prom",7.82334,2011,4,0,"Summer"
"Prom Night (2008)",42.589792,2008,4,0,"Summer"
"Prometheus",118.961514,2012,6,1,"Summer"
"Promised Land (2012)",3.440748,2013,1,0,"Not Summer"
"Public Enemies",90.672355,2009,7,0,"Summer"
"Pulling Strings",4.244686,2013,10,0,"Not Summer"
"Pulse",16.228598,2006,8,0,"Summer"
"Punisher: War Zone",5.627529,2008,12,0,"Not Summer"
"Push",21.632816,2009,2,0,"Not Summer"
"Puss in Boots",139.514442,2011,10,1,"Not Summer"
"Quantum of Solace",162.539027,2008,11,0,"Not Summer"
"Quarantine",29.668535,2008,10,0,"Not Summer"
"Queen of Katwe",5.66138,2016,9,0,"Not Summer"
"R.I.P.D.",28.07224,2013,7,1,"Summer"
"Race (2016)",14.999563,2016,2,0,"Not Summer"
"Race to Witch Mountain",62.295034,2009,3,0,"Not Summer"
"Raiders of the Lost Ark (IMAX)",2.435369,2012,9,0,"Not Summer"
"Rambo",37.89895,2008,1,0,"Not Summer"
"Ramona and Beezus",22.501684,2010,7,0,"Summer"
"Rango",115.230893,2011,3,0,"Not Summer"
"Ratatouille",189.710838,2007,6,0,"Summer"
"Ratchet & Clank",7.517257,2016,4,1,"Summer"
"Real Steel",81.9112,2011,10,0,"Not Summer"
"Red",84.20783,2010,10,0,"Not Summer"
"Red 2",47.411222,2013,7,0,"Summer"
"Red Dawn (2012)",41.407734,2012,11,0,"Not Summer"
"Red Riding Hood",33.816107,2011,3,0,"Not Summer"
"Red Tails",44.555373,2012,1,0,"Not Summer"
"Redbelt",1.606233,2008,5,0,"Summer"
"Redline",1.529818,2007,4,0,"Summer"
"Reign Over Me",14.480759,2007,3,0,"Not Summer"
"Religulous",4.501733,2008,10,0,"Not Summer"
"Remember Me",15.796585,2010,3,0,"Not Summer"
"Rendition",8.722648,2007,10,0,"Not Summer"
"Reno 911!: Miami",17.729833,2007,2,0,"Not Summer"
"Repo Men",12.329935,2010,3,0,"Not Summer"
"Resident Evil: Afterlife",57.611726,2010,9,1,"Not Summer"
"Resident Evil: Extinction",48.958419,2007,9,0,"Not Summer"
"Resident Evil: Retribution",39.85073,2012,9,1,"Not Summer"
"Revolutionary Road",13.379704,2009,1,0,"Not Summer"
"Ricki and the Flash",21.448411,2015,8,0,"Summer"
"Riddick",38.449565,2013,9,0,"Not Summer"
"Ride Along",129.518605,2014,1,0,"Not Summer"
"Ride Along 2",84.28548,2016,1,0,"Not Summer"
"Righteous Kill",36.086081,2008,9,0,"Not Summer"
"Rio",136.987817,2011,4,1,"Summer"
"Rio 2",124.320737,2014,4,1,"Summer"
"Rise of the Guardians",94.552084,2012,1,1,"Not Summer"
"Rise of the Planet of the Apes",172.438523,2011,8,0,"Summer"
"Risen",36.029172,2016,2,0,"Not Summer"
"Robin Hood",96.84854,2010,5,0,"Summer"
"RoboCop (2014)",55.670531,2014,2,0,"Not Summer"
"Rock of Ages",32.181567,2012,6,0,"Summer"
"Rocky Balboa",62.263992,2006,1,0,"Not Summer"
"Rogue One: A Star Wars Story",408.23585,2016,12,1,"Not Summer"
"Role Models",62.58984,2008,11,0,"Not Summer"
"Rumor Has It",36.912328,2006,1,0,"Not Summer"
"Run All Night",24.663089,2015,3,0,"Not Summer"
"Runner Runner",18.25942,2013,10,0,"Not Summer"
"Running Scared",4.596086,2006,2,0,"Not Summer"
"Running with Scissors",3.660628,2006,10,0,"Not Summer"
"Rush (2013)",25.155839,2013,9,0,"Not Summer"
"Rush Hour 3",133.889025,2007,8,0,"Summer"
"RV",65.908796,2006,4,0,"Summer"
"Sabotage (2014)",9.708131,2014,3,0,"Not Summer"
"Safe (2012)",16.089814,2012,4,0,"Summer"
"Safe Haven",67.780145,2013,2,0,"Not Summer"
"Safe House",124.61601,2012,2,0,"Not Summer"
"Salmon Fishing in the Yemen",5.176392,2012,3,0,"Not Summer"
"Salt",106.485093,2010,7,0,"Summer"
"San Andreas",148.790875,2015,5,1,"Summer"
"Sanctum",20.308785,2011,2,1,"Not Summer"
"Sausage Party",94.134861,2016,8,0,"Summer"
"Savages (2012)",45.10001,2012,7,0,"Summer"
"Saving Mr. Banks",77.077362,2013,1,0,"Not Summer"
"Saw 3D",44.441146,2010,10,1,"Not Summer"
"Saw III",75.725806,2006,10,0,"Not Summer"
"Saw IV",62.229842,2007,10,0,"Not Summer"
"Saw V",55.924881,2008,10,0,"Not Summer"
"Saw VI",24.930801,2009,10,0,"Not Summer"
"Scary Movie 4",84.501768,2006,4,0,"Summer"
"Scary Movie 5",29.306419,2013,4,0,"Summer"
"School for Scoundrels",15.065677,2006,9,0,"Not Summer"
"Scott Pilgrim vs. the World",23.66139,2010,8,0,"Summer"
"Scream 4",36.067967,2011,4,0,"Summer"
"Season of the Witch",22.750941,2011,1,0,"Not Summer"
"Secretariat",55.406594,2010,10,0,"Not Summer"
"See No Evil",13.12079,2006,5,0,"Summer"
"Seeking a Friend for the End of the World",4.830016,2012,6,0,"Summer"
"Self/Less",11.049629,2015,7,0,"Summer"
"Selma",47.264191,2015,1,0,"Not Summer"
"Semi-Pro",31.187,2008,2,0,"Not Summer"
"Seven Pounds",67.957097,2008,1,0,"Not Summer"
"Seven Psychopaths",10.461508,2012,10,0,"Not Summer"
"Seventh Son",15.075535,2015,2,1,"Not Summer"
"Sex and the City",146.501747,2008,5,0,"Summer"
"Sex and the City 2",91.85327,2010,5,0,"Summer"
"Sex Drive",5.030489,2008,10,0,"Not Summer"
"Sex Tape",35.782698,2014,7,0,"Summer"
"Shark Night 3D",15.508701,2011,9,1,"Not Summer"
"Shaun the Sheep Movie",13.005452,2015,8,0,"Summer"
"She's Out of My League",29.476974,2010,3,0,"Not Summer"
"She's the Man",30.854536,2006,3,0,"Not Summer"
"Sherlock Holmes",202.463599,2009,1,0,"Not Summer"
"Sherlock Holmes: A Game of Shadows",178.667811,2011,1,0,"Not Summer"
"Shin Godzilla",1.040447,2016,10,0,"Not Summer"
"Shoot 'Em Up",11.361142,2007,9,0,"Not Summer"
"Shooter",42.619854,2007,3,0,"Not Summer"
"Shorts",14.42706,2009,8,0,"Summer"
"Shrek Forever After",233.282505,2010,5,1,"Summer"
"Shrek the Third",311.065826,2007,5,1,"Summer"
"Shut In",6.249988,2016,11,0,"Not Summer"
"Shutter",22.568793,2008,3,0,"Not Summer"
"Shutter Island",124.116193,2010,2,0,"Not Summer"
"Sicario",40.122619,2015,9,0,"Not Summer"
"Sicko",17.24013,2007,6,0,"Summer"
"Side Effects (2013)",26.324309,2013,2,0,"Not Summer"
"Silent Hill",45.344314,2006,4,0,"Summer"
"Silent Hill: Revelation 3D",15.083269,2012,10,1,"Not Summer"
"Silent House",10.997656,2012,3,0,"Not Summer"
"Silver Linings Playbook",127.64601,2012,1,0,"Not Summer"
"Sing",152.853995,2016,12,1,"Not Summer"
"Singin' In the Rain (2012 re-release)",1.021714,2012,7,0,"Summer"
"Sinister",41.542374,2012,10,0,"Not Summer"
"Sinister 2",25.228663,2015,8,0,"Summer"
"Sisters",83.03699,2015,1,0,"Not Summer"
"Skyfall",290.904271,2012,11,0,"Not Summer"
"Skyline",18.58,2010,11,0,"Not Summer"
"Slither",4.950735,2006,3,0,"Not Summer"
"Slumdog Millionaire",138.176581,2008,1,0,"Not Summer"
"Smart People",5.204705,2008,4,0,"Summer"
"Smokin' Aces",32.650756,2007,1,0,"Not Summer"
"Snakes on a Plane",32.17729,2006,8,0,"Summer"
"Snitch",40.676815,2013,2,0,"Not Summer"
"Snow White and the Huntsman",146.88874,2012,6,0,"Summer"
"Snowden",19.302358,2016,9,0,"Not Summer"
"Something Borrowed",37.162113,2011,5,0,"Summer"
"Something New",9.188478,2006,2,0,"Not Summer"
"Son of God",56.790742,2014,2,0,"Not Summer"
"Sorority Row",8.880742,2009,9,0,"Not Summer"
"Soul Men",9.98824,2008,11,0,"Not Summer"
"Soul Surfer",40.854515,2011,4,0,"Summer"
"Source Code",49.700148,2011,4,0,"Summer"
"Southpaw",42.761548,2015,7,0,"Summer"
"Space Chimps",22.969211,2008,7,0,"Summer"
"Sparkle (2012)",14.673074,2012,8,0,"Summer"
"Spectre",195.057914,2015,11,0,"Not Summer"
"Speed Racer",41.647681,2008,5,0,"Summer"
"Spider-Man 3",331.248484,2007,5,0,"Summer"
"Splice",14.637018,2010,6,0,"Summer"
"Spotlight",21.378026,2015,11,0,"Not Summer"
"Spring Breakers",11.444742,2013,3,0,"Not Summer"
"Spy",105.092643,2015,6,0,"Summer"
"Spy Kids: All the Time in the World",34.223018,2011,8,1,"Summer"
"St. Vincent",39.260086,2014,10,0,"Not Summer"
"Star Trek",247.306259,2009,5,0,"Summer"
"Star Trek Beyond",142.93137,2016,7,1,"Summer"
"Star Trek Into Darkness",221.208929,2013,5,1,"Summer"
"Star Wars: Episode I - The Phantom Menace (in 3D)",37.26963,2012,2,0,"Not Summer"
"Star Wars: The Clone Wars",30.672432,2008,8,0,"Summer"
"Star Wars: The Force Awakens",934.216519,2015,1,1,"Not Summer"
"Stardust",34.594712,2007,8,0,"Summer"
"State of Play",34.61057,2009,4,0,"Summer"
"Stay Alive",21.3499,2006,3,0,"Not Summer"
"Step Brothers",93.284366,2008,7,0,"Summer"
"Step Up",59.13091,2006,8,0,"Summer"
"Step Up 2 the Streets",53.926994,2008,2,0,"Not Summer"
"Step Up 3-D",33.71855,2010,8,0,"Summer"
"Step Up All In",12.96405,2014,8,0,"Summer"
"Step Up Revolution",31.736418,2012,7,1,"Summer"
"Steve Jobs",15.861073,2015,10,0,"Not Summer"
"Stick It",23.193429,2006,4,0,"Summer"
"Still Alice",13.07261,2015,2,0,"Not Summer"
"Stomp the Yard",57.372727,2007,1,0,"Not Summer"
"Stop-Loss",8.923188,2008,3,0,"Not Summer"
"Storks",68.519195,2016,9,1,"Not Summer"
"Straight Outta Compton",159.54813,2015,8,0,"Summer"
"Strange Magic",9.819784,2015,1,0,"Not Summer"
"Stranger Than Fiction",37.705012,2006,11,0,"Not Summer"
"Straw Dogs (2011)",9.641222,2011,9,0,"Not Summer"
"Street Fighter: The Legend of Chun-Li",5.051681,2009,2,0,"Not Summer"
"Street Kings",24.287949,2008,4,0,"Summer"
"Sucker Punch",34.686044,2011,3,0,"Not Summer"
"Suffragette",3.048019,2015,11,0,"Not Summer"
"Suicide Squad",320.347859,2016,8,1,"Summer"
"Sully",119.36389,2016,9,0,"Not Summer"
"Sultan",3.940517,2016,7,0,"Summer"
"Sunshine Cleaning",5.419257,2009,4,0,"Summer"
"Super 8",122.884497,2011,6,0,"Summer"
"Superbad",119.45582,2007,8,0,"Summer"
"Superhero Movie",21.996128,2008,3,0,"Not Summer"
"Superman Returns",182.006455,2006,6,1,"Summer"
"Surf's Up",51.313901,2007,6,0,"Summer"
"Surrogates",36.982954,2009,9,0,"Not Summer"
"Sweeney Todd: The Demon Barber of Fleet Street",45.4248,2007,1,0,"Not Summer"
"Swing Vote",13.550164,2008,8,0,"Summer"
"Sydney White",8.449395,2007,9,0,"Not Summer"
"Take Me Home Tonight",4.618853,2011,3,0,"Not Summer"
"Take the Lead",30.613535,2006,4,0,"Summer"
"Taken",137.871852,2009,1,0,"Not Summer"
"Taken 2",135.202898,2012,10,0,"Not Summer"
"Taken 3",82.728059,2015,1,1,"Not Summer"
"Takers",55.376818,2010,8,0,"Summer"
"Taking Woodstock",4.52566,2009,8,0,"Summer"
"Talladega Nights: The Ballad of Ricky Bobby",143.040578,2006,8,0,"Summer"
"Tammy",79.962705,2014,7,0,"Summer"
"Tangled",187.050224,2010,1,1,"Not Summer"
"Ted",211.521305,2012,6,0,"Summer"
"Ted 2",78.4271,2015,6,0,"Summer"
"Teenage Mutant Ninja Turtles (2014)",187.182309,2014,8,0,"Summer"
"Teenage Mutant Ninja Turtles: Out of the Shadows",78.747502,2016,6,1,"Summer"
"Tenacious D in: The Pick of Destiny",6.107454,2006,11,0,"Not Summer"
"Terminator Salvation",120.455174,2009,5,0,"Summer"
"Terminator: Genisys",86.347541,2015,7,0,"Summer"
"Texas Chainsaw 3D",31.22775,2013,1,1,"Not Summer"
"Thank You for Smoking",13.000434,2006,4,0,"Summer"
"That's My Boy",32.178748,2012,6,0,"Summer"
"That Awkward Moment",22.668542,2014,1,0,"Not Summer"
"The 33",10.536118,2015,11,0,"Not Summer"
"The 5th Wave",30.125191,2016,1,0,"Not Summer"
"The A-Team",74.746183,2010,6,0,"Summer"
"The Accountant",81.783144,2016,10,0,"Not Summer"
"The Adjustment Bureau",56.387965,2011,3,0,"Not Summer"
"The Adventures of Tintin",69.329986,2011,1,1,"Not Summer"
"The Age of Adaline",40.746776,2015,4,0,"Summer"
"The Amazing Spider-Man",256.159253,2012,7,1,"Summer"
"The Amazing Spider-Man 2",196.937194,2014,5,1,"Summer"
"The American",33.710999,2010,9,0,"Not Summer"
"The Angry Birds Movie",104.479793,2016,5,1,"Summer"
"The Ant Bully",20.610757,2006,7,1,"Summer"
"The Artist",38.155023,2012,1,0,"Not Summer"
"The Astronaut Farmer",5.580399,2007,2,0,"Not Summer"
"The Back-Up Plan",36.106456,2010,4,0,"Summer"
"The Bank Job",25.091961,2008,3,0,"Not Summer"
"The Benchwarmers",53.601826,2006,4,0,"Summer"
"The Best Exotic Marigold Hotel",36.755339,2012,5,0,"Summer"
"The Best Man Holiday",67.964005,2013,11,0,"Not Summer"
"The Best of Me",22.557384,2014,10,0,"Not Summer"
"The BFG",49.943057,2016,7,1,"Summer"
"The Big Short",57.900477,2015,1,0,"Not Summer"
"The Big Wedding",20.782042,2013,4,0,"Summer"
"The Big Year",4.319378,2011,10,0,"Not Summer"
"The Birth of a Nation",13.265181,2016,10,0,"Not Summer"
"The Black Dahlia",21.47537,2006,9,0,"Not Summer"
"The Blind Side",239.026369,2009,1,0,"Not Summer"
"The Bling Ring",2.988704,2013,6,0,"Summer"
"The Book of Eli",88.642961,2010,1,0,"Not Summer"
"The Book of Life (2014)",46.167903,2014,10,0,"Not Summer"
"The Book Thief",15.843589,2013,11,0,"Not Summer"
"The Boondock Saints II: All Saints Day",6.295574,2009,11,0,"Not Summer"
"The Boss",61.60347,2016,4,0,"Summer"
"The Bounty Hunter",61.171328,2010,3,0,"Not Summer"
"The Bourne Legacy",110.65235,2012,8,0,"Summer"
"The Bourne Ultimatum",222.415625,2007,8,0,"Summer"
"The Box",13.826576,2009,11,0,"Not Summer"
"The Boxtrolls",43.385423,2014,9,1,"Not Summer"
"The Boy (2016)",31.005942,2016,1,0,"Not Summer"
"The Boy in the Striped Pajamas",5.626244,2008,11,0,"Not Summer"
"The Boy Next Door",31.826485,2015,1,0,"Not Summer"
"The Brave One",35.310763,2007,9,0,"Not Summer"
"The Break-Up",115.207085,2006,6,0,"Summer"
"The Brothers Bloom",1.36013,2009,5,0,"Summer"
"The Brothers Grimsby",6.52798,2016,3,0,"Not Summer"
"The Bucket List",83.283728,2008,1,0,"Not Summer"
"The Cabin in the Woods",38.782447,2012,4,0,"Summer"
"The Call",46.622093,2013,3,0,"Not Summer"
"The Campaign",83.781065,2012,8,0,"Summer"
"The Change-Up",29.14534,2011,8,0,"Summer"
"The Choice",14.817478,2016,2,0,"Not Summer"
"The Chronicles of Narnia: Prince Caspian",136.627631,2008,5,0,"Summer"
"The Chronicles of Narnia: The Lion, the Witch and the Wardrobe",282.669443,2006,1,0,"Not Summer"
"The Chronicles of Narnia: The Voyage of the Dawn Treader",89.930793,2010,1,1,"Not Summer"
"The Collection",1.158063,2012,11,0,"Not Summer"
"The Comebacks",9.925268,2007,10,0,"Not Summer"
"The Condemned",6.769217,2007,4,0,"Summer"
"The Conjuring",123.95287,2013,7,0,"Summer"
"The Conjuring 2",99.582954,2016,6,0,"Summer"
"The Conspirator",1.09975,2011,4,0,"Summer"
"The Counselor",15.045037,2013,10,0,"Not Summer"
"The Covenant",20.938983,2006,9,0,"Not Summer"
"The Crazies",34.90794,2010,2,0,"Not Summer"
"The Croods",180.924038,2013,3,1,"Not Summer"
"The Curious Case of Benjamin Button",117.648097,2008,1,0,"Not Summer"
"The Da Vinci Code",211.239443,2006,5,0,"Summer"
"The Dark Knight",522.810263,2008,7,0,"Summer"
"The Dark Knight (2012 re-release)",1.513086,2012,7,0,"Summer"
"The Dark Knight Rises",438.870629,2012,7,0,"Summer"
"The Darkest Hour",18.690605,2011,1,1,"Not Summer"
"The Darkness",10.099194,2016,5,0,"Summer"
"The Day the Earth Stood Still (2008)",75.779609,2008,1,0,"Not Summer"
"The Debt",27.706463,2011,8,0,"Summer"
"The Departed",129.402536,2006,1,0,"Not Summer"
"The Descendants",72.08277,2011,1,0,"Not Summer"
"The Descent",19.88285,2006,8,0,"Summer"
"The Devil Inside",48.621107,2012,1,0,"Not Summer"
"The Devil Wears Prada",113.713128,2006,6,0,"Summer"
"The Dictator",56.568263,2012,5,0,"Summer"
"The Dilemma",45.8158,2011,1,0,"Not Summer"
"The Divergent Series: Allegiant",62.641161,2016,3,1,"Not Summer"
"The Divergent Series: Insurgent",121.81004,2015,3,1,"Not Summer"
"The Drop",10.02908,2014,9,0,"Not Summer"
"The Duchess",7.007311,2008,10,0,"Not Summer"
"The DUFF",28.35791,2015,2,0,"Not Summer"
"The Eagle",16.754647,2011,2,0,"Not Summer"
"The Edge of Seventeen",11.10849,2016,11,0,"Not Summer"
"The Equalizer",90.975276,2014,9,0,"Not Summer"
"The Ex",1.829944,2007,5,0,"Summer"
"The Expendables",99.647235,2010,8,0,"Summer"
"The Expendables 2",81.561952,2012,8,0,"Summer"
"The Expendables 3",34.177584,2014,8,0,"Summer"
"The Express",6.02276,2008,10,0,"Not Summer"
"The Eye",24.074266,2008,2,0,"Not Summer"
"The Family (2013)",35.224349,2013,9,0,"Not Summer"
"The Family Stone",54.544993,2006,1,0,"Not Summer"
"The Fast and the Furious: Tokyo Drift",58.68676,2006,6,0,"Summer"
"The Fault in our Stars",118.123484,2014,6,0,"Summer"
"The Fifth Estate",2.277466,2013,10,0,"Not Summer"
"The Fighter",90.659471,2010,1,0,"Not Summer"
"The Final Destination",62.611557,2009,8,1,"Summer"
"The Finest Hours",24.463269,2016,1,1,"Not Summer"
"The Five-Year Engagement",27.396785,2012,4,0,"Summer"
"The Forbidden Kingdom",50.802603,2008,4,0,"Summer"
"The Forest",23.307417,2016,1,0,"Not Summer"
"The Fountain",8.88863,2006,11,0,"Not Summer"
"The Fourth Kind",23.53293,2009,11,0,"Not Summer"
"The Gallows",20.174736,2015,7,0,"Summer"
"The Gambler",33.039599,2014,1,0,"Not Summer"
"The Game Plan",85.920635,2007,9,0,"Not Summer"
"The Gift (2015)",40.989737,2015,8,0,"Summer"
"The Girl on the Train (2016)",71.70313,2016,10,0,"Not Summer"
"The Girl with the Dragon Tattoo (2011)",95.995113,2011,1,0,"Not Summer"
"The Giver",42.070947,2014,8,0,"Summer"
"The Golden Compass",49.443,2007,12,0,"Not Summer"
"The Good Dinosaur",110.71647,2015,11,1,"Not Summer"
"The Good Shepherd",55.552255,2006,1,0,"Not Summer"
"The Goods: Live Hard, Sell Hard",12.629819,2009,8,0,"Summer"
"The Grand Budapest Hotel",54.436806,2014,3,0,"Not Summer"
"The Great Debaters",14.692291,2007,12,0,"Not Summer"
"The Great Gatsby (2013)",137.373978,2013,5,0,"Summer"
"The Green Hornet",92.405961,2011,1,1,"Not Summer"
"The Green Inferno",4.642423,2015,9,0,"Not Summer"
"The Grey",48.899296,2012,1,0,"Not Summer"
"The Grudge 2",36.445636,2006,10,0,"Not Summer"
"The Guardian",49.372298,2006,9,0,"Not Summer"
"The Guilt Trip",32.562897,2012,1,0,"Not Summer"
"The Gunman",9.704475,2015,3,0,"Not Summer"
"The Hangover",261.038904,2009,6,0,"Summer"
"The Hangover Part II",244.948646,2011,5,0,"Summer"
"The Hangover Part III",109.057272,2013,5,0,"Summer"
"The Happening",60.062743,2008,6,0,"Summer"
"The Hateful Eight",49.610675,2015,1,0,"Not Summer"
"The Haunting in Connecticut",52.3201,2009,3,0,"Not Summer"
"The Haunting of Molly Hartley",11.550398,2008,10,0,"Not Summer"
"The Heartbreak Kid",33.370417,2007,10,0,"Not Summer"
"The Heat",150.707272,2013,6,0,"Summer"
"The Help",163.718288,2011,8,0,"Summer"
"The Hills Have Eyes",37.115568,2006,3,0,"Not Summer"
"The Hills Have Eyes 2",16.870822,2007,3,0,"Not Summer"
"The Hitcher (2007)",12.516,2007,1,0,"Not Summer"
"The Hobbit: An Unexpected Journey",289.93847,2012,1,1,"Not Summer"
"The Hobbit: The Battle of the Five Armies",246.770959,2014,1,1,"Not Summer"
"The Hobbit: The Desolation of Smaug",244.819845,2013,1,1,"Not Summer"
"The Holiday",59.738264,2006,1,0,"Not Summer"
"The Host (2013)",21.04546,2013,3,0,"Not Summer"
"The House Bunny",45.013166,2008,8,0,"Summer"
"The Hundred-Foot Journey",51.985629,2014,8,0,"Summer"
"The Hunger Games",399.200322,2012,3,0,"Not Summer"
"The Hunger Games: Catching Fire",409.392651,2013,1,0,"Not Summer"
"The Hunger Games: Mockingjay - Part 1",330.643639,2014,1,0,"Not Summer"
"The Hunger Games: Mockingjay - Part 2",275.47161,2015,1,0,"Not Summer"
"The Huntsman: Winter's War",47.130745,2016,4,1,"Summer"
"The Ides of March",37.414026,2011,10,0,"Not Summer"
"The Illusionist",34.868015,2006,9,0,"Not Summer"
"The Imitation Game",84.902885,2014,1,0,"Not Summer"
"The Incredible Burt Wonderstone",21.326572,2013,3,0,"Not Summer"
"The Incredible Hulk",130.868205,2008,6,0,"Summer"
"The Infiltrator",12.274291,2016,7,0,"Summer"
"The Informant!",30.81144,2009,9,0,"Not Summer"
"The Insanity of God",0.874789,2016,8,0,"Summer"
"The Intern",72.147742,2015,9,0,"Not Summer"
"The International",22.410616,2009,2,0,"Not Summer"
"The Internship",42.126409,2013,6,0,"Summer"
"The Invasion",12.094878,2007,8,0,"Summer"
"The Invention of Lying",16.117166,2009,10,0,"Not Summer"
"The Invisible",19.084613,2007,4,0,"Summer"
"The Iron Lady",18.148081,2012,1,0,"Not Summer"
"The Judge",43.32488,2014,10,0,"Not Summer"
"The Jungle Book (2016)",354.420651,2016,4,0,"Summer"
"The Karate Kid",170.612858,2010,6,0,"Summer"
"The Kids Are All Right",14.040182,2010,8,0,"Summer"
"The King's Speech",130.125199,2010,1,0,"Not Summer"
"The Kingdom",41.571065,2007,9,0,"Not Summer"
"The Lake House",50.036763,2006,6,0,"Summer"
"The Last Airbender",125.478277,2010,7,1,"Summer"
"The Last Exorcism",38.902021,2010,8,0,"Summer"
"The Last Exorcism Part II",12.882642,2013,3,0,"Not Summer"
"The Last House on the Left (2009)",29.41487,2009,3,0,"Not Summer"
"The Last Kiss (2006)",9.188774,2006,9,0,"Not Summer"
"The Last Mimzy",16.623,2007,3,0,"Not Summer"
"The Last Song",58.074662,2010,3,0,"Not Summer"
"The Last Stand",8.533945,2013,1,0,"Not Summer"
"The Last Witch Hunter",26.314853,2015,10,0,"Not Summer"
"The Lazarus Effect",21.139802,2015,2,0,"Not Summer"
"The Legend of Hercules",10.975651,2014,1,1,"Not Summer"
"The Legend of Tarzan",122.723843,2016,7,1,"Summer"
"The LEGO Movie",245.19872,2014,2,0,"Not Summer"
"The Light Between Oceans",10.400776,2016,9,0,"Not Summer"
"The Lincoln Lawyer",47.569661,2011,3,0,"Not Summer"
"The Lion King (in 3D)",91.3543,2011,9,0,"Not Summer"
"The Lobster (US Release)",1.056065,2016,5,0,"Summer"
"The Loft",3.753684,2015,1,0,"Not Summer"
"The Lone Ranger",76.911243,2013,7,0,"Summer"
"The Longest Ride",35.524625,2015,4,0,"Summer"
"The Longshots",4.080687,2008,8,0,"Summer"
"The Lord of the Rings: The Fellowship of the Ring (2011 re-release)",0.76858,2011,6,0,"Summer"
"The Lord of the Rings: The Return of the King (2011 re-release)",0.81858,2011,6,0,"Summer"
"The Lord of the Rings: The Two Towers (2011 re-release)",0.764607,2011,6,0,"Summer"
"The Losers",22.30211,2010,4,0,"Summer"
"The Love Guru",30.861198,2008,6,0,"Summer"
"The Lovely Bones",39.223431,2010,1,0,"Not Summer"
"The Lucky One",57.712833,2012,4,0,"Summer"
"The Magnificent Seven (2016)",89.481904,2016,9,0,"Not Summer"
"The Man From U.N.C.L.E.",43.777354,2015,8,0,"Summer"
"The Man with the Iron Fists",13.962975,2012,11,0,"Not Summer"
"The Marine",12.617834,2006,10,0,"Not Summer"
"The Martian",217.96823,2015,10,1,"Not Summer"
"The Master",13.096908,2012,9,0,"Not Summer"
"The Matador",9.147935,2006,1,0,"Not Summer"
"The Maze Runner",91.770093,2014,9,0,"Not Summer"
"The Mechanic",26.882693,2011,1,0,"Not Summer"
"The Men Who Stare at Goats",30.253357,2009,11,0,"Not Summer"
"The Messengers",31.796543,2007,2,0,"Not Summer"
"The Mist",23.718853,2007,11,0,"Not Summer"
"The Monuments Men",74.733726,2014,2,0,"Not Summer"
"The Mortal Instruments: City of Bones",28.514606,2013,8,0,"Summer"
"The Mummy: Tomb of the Dragon Emperor",97.858315,2008,8,0,"Summer"
"The Muppets",83.561073,2011,1,0,"Not Summer"
"The Nanny Diaries",21.807287,2007,8,0,"Summer"
"The Nativity Story",31.578,2006,12,0,"Not Summer"
"The New World",5.085,2006,1,0,"Not Summer"
"The Next Three Days",19.275946,2010,11,0,"Not Summer"
"The Nice Guys",30.542192,2016,5,0,"Summer"
"The Night Before",41.759236,2015,11,0,"Not Summer"
"The Night Listener",3.554134,2006,8,0,"Summer"
"The November Man",23.682577,2014,8,0,"Summer"
"The Number 23",34.528,2007,2,0,"Not Summer"
"The Nut Job",58.27778,2014,1,1,"Not Summer"
"The Odd Life of Timothy Green",46.372284,2012,8,0,"Summer"
"The Omen (2006)",49.880572,2006,6,0,"Summer"
"The Other Boleyn Girl",23.662408,2008,2,0,"Not Summer"
"The Other Guys",115.40344,2010,8,0,"Summer"
"The Other Woman (2014)",81.595693,2014,4,0,"Summer"
"The Peanuts Movie",125.784589,2015,11,1,"Not Summer"
"The Perfect Guy",52.807933,2015,9,0,"Not Summer"
"The Perfect Holiday",2.930188,2007,12,0,"Not Summer"
"The Perfect Match",8.041628,2016,3,0,"Not Summer"
"The Perks of Being a Wallflower",6.970625,2012,10,0,"Not Summer"
"The Pink Panther (2006)",79.293594,2006,2,0,"Not Summer"
"The Pink Panther 2",29.475898,2009,2,0,"Not Summer"
"The Pirates Who Don't Do Anything",8.69242,2008,1,0,"Not Summer"
"The Pirates! Band of Misfits",27.642125,2012,4,0,"Summer"
"The Place Beyond the Pines",20.187748,2013,4,0,"Summer"
"The Possession",46.049318,2012,8,0,"Summer"
"The Prestige",49.827509,2006,10,0,"Not Summer"
"The Princess and the Frog",97.534038,2009,1,0,"Not Summer"
"The Proposal",151.925803,2009,6,0,"Summer"
"The Protector (2006)",9.940816,2006,9,0,"Not Summer"
"The Purge",61.56272,2013,6,0,"Summer"
"The Purge: Anarchy",66.97798,2014,7,0,"Summer"
"The Purge: Election Year",74.24222,2016,7,0,"Summer"
"The Pursuit of Happyness",159.893141,2006,1,0,"Not Summer"
"The Pyramid",1.487796,2014,12,0,"Not Summer"
"The Queen",49.286,2006,1,0,"Not Summer"
"The Quiet Ones",6.886873,2014,4,0,"Summer"
"The Raven",14.883422,2012,4,0,"Summer"
"The Reader",30.577579,2009,2,0,"Not Summer"
"The Reaping",21.096446,2007,4,0,"Summer"
"The Return",4.479621,2006,11,0,"Not Summer"
"The Revenant",180.812672,2016,1,0,"Not Summer"
"The Ringer",25.000553,2006,1,0,"Not Summer"
"The Rite",29.521439,2011,1,0,"Not Summer"
"The Road",1.977453,2009,11,0,"Not Summer"
"The Rocker",0.577343,2008,8,0,"Summer"
"The Roommate",34.501376,2011,2,0,"Not Summer"
"The Ruins",14.61888,2008,4,0,"Summer"
"The Rum Diary",11.567984,2011,10,0,"Not Summer"
"The Santa Clause 3: The Escape Clause",77.986756,2006,11,0,"Not Summer"
"The Second Best Exotic Marigold Hotel",30.823504,2015,3,0,"Not Summer"
"The Secret in their Eyes (2015)",18.037025,2015,11,0,"Not Summer"
"The Secret Life of Bees",35.926166,2008,10,0,"Not Summer"
"The Secret Life of Pets",359.818405,2016,7,1,"Summer"
"The Secret Life of Walter Mitty",48.290762,2013,1,0,"Not Summer"
"The Secret World of Arrietty",14.50892,2012,2,0,"Not Summer"
"The Seeker: The Dark Is Rising",7.167028,2007,10,0,"Not Summer"
"The Sentinel",32.041884,2006,4,0,"Summer"
"The Shaggy Dog",54.498882,2006,3,0,"Not Summer"
"The Shallows",48.395089,2016,6,0,"Summer"
"The Simpsons Movie",174.895901,2007,7,0,"Summer"
"The Sisterhood of the Traveling Pants 2",39.378081,2008,8,0,"Summer"
"The Sitter",19.905546,2011,12,0,"Not Summer"
"The Skeleton Twins",2.799108,2014,9,0,"Not Summer"
"The Smurfs",133.676705,2011,7,1,"Summer"
"The Smurfs 2",59.816118,2013,7,1,"Summer"
"The Social Network",85.32525,2010,10,0,"Not Summer"
"The Soloist",28.395832,2009,4,0,"Summer"
"The Sorcerer's Apprentice",54.701617,2010,7,0,"Summer"
"The Spiderwick Chronicles",66.588069,2008,2,0,"Not Summer"
"The Spirit",11.484325,2008,12,0,"Not Summer"
"The SpongeBob Movie: Sponge Out of Water",158.838829,2015,2,1,"Not Summer"
"The Spy Next Door",18.544619,2010,1,0,"Not Summer"
"The Stepfather (2009)",25.355785,2009,10,0,"Not Summer"
"The Strangers",50.619745,2008,5,0,"Summer"
"The Switch",23.004729,2010,8,0,"Summer"
"The Taking of Pelham 1 2 3",61.616068,2009,6,0,"Summer"
"The Tale of Despereaux",44.04815,2008,1,0,"Not Summer"
"The Texas Chainsaw Massacre: The Beginning",36.886863,2006,10,0,"Not Summer"
"The Theory of Everything",18.232573,2014,11,0,"Not Summer"
"The Thing (2011)",15.21775,2011,10,0,"Not Summer"
"The Three Musketeers (2011)",18.490846,2011,10,0,"Not Summer"
"The Three Stooges",39.669015,2012,4,0,"Summer"
"The Time Traveler's Wife",56.728728,2009,8,0,"Summer"
"The Tourist",62.578946,2010,1,0,"Not Summer"
"The Town",88.583857,2010,9,0,"Not Summer"
"The Transporter Refueled",14.580816,2015,9,0,"Not Summer"
"The Twilight Saga: Breaking Dawn Part 1",268.801901,2011,11,0,"Not Summer"
"The Twilight Saga: Breaking Dawn Part 2",281.632689,2012,11,0,"Not Summer"
"The Twilight Saga: Eclipse",293.491146,2010,6,0,"Summer"
"The Twilight Saga: New Moon",288.269091,2009,1,0,"Not Summer"
"The Ugly Truth",84.160222,2009,7,0,"Summer"
"The Unborn (2009)",34.174255,2009,1,0,"Not Summer"
"The Uninvited",19.365763,2009,1,0,"Not Summer"
"The Visit",61.15803,2015,9,0,"Not Summer"
"The Visitor",4.768846,2008,5,0,"Summer"
"The Vow",121.934774,2012,2,0,"Not Summer"
"The Walk",7.974306,2015,10,1,"Not Summer"
"The Warrior's Way",3.565761,2010,12,0,"Not Summer"
"The Watch",31.702825,2012,7,0,"Summer"
"The Water Horse: Legend of the Deep",30.82347,2007,1,0,"Not Summer"
"The Wedding Ringer",60.696393,2015,1,0,"Not Summer"
"The Wicker Man",18.628666,2006,9,0,"Not Summer"
"The Wild",32.091706,2006,4,0,"Summer"
"The Wild Life (2016)",6.785712,2016,9,0,"Not Summer"
"The Witch",21.909083,2016,2,0,"Not Summer"
"The Wizard of Oz (3D/IMAX)",4.523816,2013,9,0,"Not Summer"
"The Wizard of Oz (NCM Fathom Events)",0.91,2009,9,0,"Not Summer"
"The Wolf of Wall Street",108.355838,2013,1,0,"Not Summer"
"The Wolfman",58.809485,2010,2,0,"Not Summer"
"The Wolverine",121.738956,2013,7,1,"Summer"
"The Woman in Black",47.729196,2012,2,0,"Not Summer"
"The Woman in Black 2: Angel of Death",23.187573,2015,1,0,"Not Summer"
"The Women (2008)",25.191281,2008,9,0,"Not Summer"
"The Words",10.244571,2012,9,0,"Not Summer"
"The World's End",24.507313,2013,8,0,"Summer"
"The X-Files: I Want to Believe",17.942219,2008,7,0,"Summer"
"The Young Messiah",5.725495,2016,3,0,"Not Summer"
"There Will Be Blood",36.025068,2008,1,0,"Not Summer"
"Think Like a Man",89.041769,2012,4,0,"Summer"
"Think Like a Man Too",60.166814,2014,6,0,"Summer"
"This Christmas",46.81385,2007,11,0,"Not Summer"
"This Is 40",62.544475,2012,1,0,"Not Summer"
"This is the End",99.641402,2013,6,0,"Summer"
"This is Where I Leave You",30.47088,2014,9,0,"Not Summer"
"This Means War",51.284737,2012,2,0,"Not Summer"
"Thor",174.966002,2011,5,1,"Summer"
"Thor: The Dark World",201.407296,2013,11,1,"Not Summer"
"Tim Burton's The Nightmare Before Christmas in 3-D (2006)",6.434514,2006,10,0,"Not Summer"
"Tim Burton's The Nightmare Before Christmas in Disney Digital 3-D (2007 re-issue)",11.300534,2007,10,0,"Not Summer"
"Tinker, Tailor, Soldier, Spy",11.94254,2012,1,0,"Not Summer"
"Titanic 3D",54.367142,2012,4,1,"Summer"
"TMNT",48.559763,2007,3,0,"Not Summer"
"To Joey, with Love",1.709073,2016,9,0,"Not Summer"
"To Rome with Love",5.805024,2012,7,0,"Summer"
"Tomorrowland",89.113016,2015,5,0,"Summer"
"Tooth Fairy",54.555647,2010,1,0,"Not Summer"
"Top Five",13.58379,2014,12,0,"Not Summer"
"Top Gun 3D",2.78801,2013,2,0,"Not Summer"
"Total Recall (2012)",53.413337,2012,8,0,"Summer"
"Tower Heist",74.701505,2011,11,0,"Not Summer"
"Toy Story / Toy Story 2 (3D)",29.135003,2009,10,0,"Not Summer"
"Toy Story 3",398.602095,2010,6,1,"Summer"
"Trailer Park Boys: The Movie",1.589,2006,10,0,"Not Summer"
"Trainwreck",99.524485,2015,7,0,"Summer"
"Traitor",21.425948,2008,8,0,"Summer"
"Transcendence",20.19321,2014,4,1,"Summer"
"Transformers",302.869658,2007,7,0,"Summer"
"Transformers: Age of Extinction",238.965915,2014,6,1,"Summer"
"Transformers: Dark of the Moon",345.152286,2011,6,1,"Summer"
"Transformers: Revenge of the Fallen",390.700514,2009,6,0,"Summer"
"Transporter 3",30.387356,2008,11,0,"Not Summer"
"Triple 9",11.205033,2016,2,0,"Not Summer"
"Tristan and Isolde",7.612008,2006,1,0,"Not Summer"
"Trolls",148.040666,2016,11,1,"Not Summer"
"Tron Legacy",164.203087,2010,1,0,"Not Summer"
"Tropic Thunder",107.583715,2008,8,0,"Summer"
"Trouble with the Curve",31.218109,2012,9,0,"Not Summer"
"True Grit",167.7057,2010,1,0,"Not Summer"
"Turbo",72.769954,2013,7,1,"Summer"
"Turistas",4.54003,2006,12,0,"Not Summer"
"Twilight",192.769854,2008,1,0,"Not Summer"
"Twilight/New Moon Combo (one-night-only)",2.385237,2010,6,0,"Summer"
"Tyler Perry's A Madea Christmas",41.566509,2013,12,0,"Not Summer"
"Tyler Perry's Daddy's Little Girls",26.146262,2007,2,0,"Not Summer"
"Tyler Perry's Good Deeds",27.542449,2012,2,0,"Not Summer"
"Tyler Perry's I Can Do Bad All By Myself",47.708407,2009,9,0,"Not Summer"
"Tyler Perry's Madea's Big Happy Family",51.489275,2011,4,0,"Summer"
"Tyler Perry's Madea's Family Reunion",60.703553,2006,2,0,"Not Summer"
"Tyler Perry's Madea's Witness Protection",61.820114,2012,6,0,"Summer"
"Tyler Perry's Madea Goes to Jail",87.934351,2009,2,0,"Not Summer"
"Tyler Perry's Meet the Browns",38.542949,2008,3,0,"Not Summer"
"Tyler Perry's Temptation: Confessions of a Marriage Counselor",46.664165,2013,3,0,"Not Summer"
"Tyler Perry's The Family That Preys",33.601778,2008,9,0,"Not Summer"
"Tyler Perry's The Single Moms Club",12.163791,2014,3,0,"Not Summer"
"Tyler Perry's Why Did I Get Married Too?",55.542874,2010,4,0,"Summer"
"Tyler Perry's Why Did I Get Married?",51.685428,2007,10,0,"Not Summer"
"Tyler Perry Presents Peeples",8.476365,2013,5,0,"Summer"
"Ultraviolet",16.20404,2006,3,0,"Not Summer"
"Un Gallo con Muchos Huevos",8.276205,2015,9,1,"Not Summer"
"Unaccompanied Minors",10.813884,2006,12,0,"Not Summer"
"Unbroken",110.365165,2014,1,0,"Not Summer"
"Under the Same Moon",8.959462,2008,3,0,"Not Summer"
"Under the Sea 3D",9.106491,2009,6,0,"Summer"
"Underdog",34.393329,2007,8,0,"Summer"
"Underworld Awakening",60.243801,2012,1,0,"Not Summer"
"Underworld: Evolution",58.556226,2006,1,0,"Not Summer"
"Underworld: Rise of the Lycans",41.080697,2009,1,0,"Not Summer"
"Unfinished Business",9.21955,2015,3,0,"Not Summer"
"Unfriended",31.53732,2015,4,0,"Summer"
"United 93",30.038845,2006,4,0,"Summer"
"Unknown",59.815552,2011,2,0,"Not Summer"
"Unstoppable",77.386304,2010,11,0,"Not Summer"
"Untraceable",25.049161,2008,1,0,"Not Summer"
"Up",282.002924,2009,5,1,"Summer"
"Up in the Air",73.765769,2009,1,0,"Not Summer"
"V for Vendetta",66.952829,2006,3,0,"Not Summer"
"Vacancy",16.805625,2007,4,0,"Summer"
"Vacation",49.173256,2015,7,0,"Summer"
"Valentine's Day",107.443587,2010,2,0,"Not Summer"
"Valkyrie",73.720106,2008,1,0,"Not Summer"
"Vampire Academy",4.164395,2014,2,0,"Not Summer"
"Vampires Suck",28.683466,2010,8,0,"Summer"
"Vantage Point",66.94848,2008,2,0,"Not Summer"
"Veronica Mars",1.003751,2014,3,0,"Not Summer"
"Vicky Cristina Barcelona",16.755771,2008,8,0,"Summer"
"Victor Frankenstein",4.361904,2015,11,0,"Not Summer"
"W.",19.947809,2008,10,0,"Not Summer"
"Waist Deep",19.414,2006,6,0,"Summer"
"Waitress",12.813401,2007,5,0,"Summer"
"Walk Hard: The Dewey Cox Story",4.729202,2007,12,0,"Not Summer"
"Walk the Line",114.359196,2006,1,0,"Not Summer"
"Walking with Dinosaurs",27.603593,2013,1,1,"Not Summer"
"WALL-E",212.293611,2008,6,0,"Summer"
"Wall Street: Money Never Sleeps",50.328173,2010,9,0,"Not Summer"
"Wanderlust",13.86412,2012,2,0,"Not Summer"
"Wanted",130.080115,2008,6,0,"Summer"
"WAR",20.796197,2007,8,0,"Summer"
"War Dogs",40.650185,2016,8,0,"Summer"
"War Horse",69.134678,2011,1,0,"Not Summer"
"War Room",64.472612,2015,8,0,"Summer"
"Warcraft",44.00389,2016,6,1,"Summer"
"Warm Bodies",59.359674,2013,2,0,"Not Summer"
"Warrior",11.090291,2011,9,0,"Not Summer"
"Watchmen",104.272246,2009,3,0,"Not Summer"
"Water for Elephants",55.924807,2011,4,0,"Summer"
"We're the Millers",143.290013,2013,8,0,"Summer"
"We Are Marshall",36.330352,2006,1,0,"Not Summer"
"We Bought a Zoo",66.217528,2011,1,0,"Not Summer"
"We Own the Night",26.330408,2007,10,0,"Not Summer"
"Welcome Home Roscoe Jenkins",35.667115,2008,2,0,"Not Summer"
"What's Your Number?",11.805767,2011,9,0,"Not Summer"
"What Happens in Vegas",76.751534,2008,5,0,"Summer"
"What to Expect When You're Expecting",39.433651,2012,5,0,"Summer"
"When a Stranger Calls",43.805047,2006,2,0,"Not Summer"
"When in Rome",27.60707,2010,1,0,"Not Summer"
"When the Bough Breaks",27.313916,2016,9,0,"Not Summer"
"When the Game Stands Tall",24.892246,2014,8,0,"Summer"
"Where the Wild Things Are",71.022273,2009,10,0,"Not Summer"
"While We're Young",1.378,2015,4,0,"Summer"
"Whip It",9.853417,2009,10,0,"Not Summer"
"Whiskey Tango Foxtrot",20.426065,2016,3,0,"Not Summer"
"White House Down",66.052629,2013,6,0,"Summer"
"Whiteout",9.403554,2009,9,0,"Not Summer"
"Who's Your Caddy?",3.711337,2007,7,0,"Summer"
"Why Him?",30.633916,2016,12,0,"Not Summer"
"Wild (2014)",31.555453,2014,1,0,"Not Summer"
"Wild Hogs",163.605732,2007,3,0,"Not Summer"
"Winnie the Pooh",20.657865,2011,7,0,"Summer"
"Winter's Tale",11.880975,2014,2,0,"Not Summer"
"Woman in Gold",27.761718,2015,4,0,"Summer"
"Won't Back Down",3.274776,2012,9,0,"Not Summer"
"Woodlawn",8.970973,2015,10,0,"Not Summer"
"World Trade Center",68.048511,2006,8,0,"Summer"
"World War Z",189.859546,2013,6,1,"Summer"
"Wrath of the Titans",78.222536,2012,3,1,"Not Summer"
"Wreck-It Ralph",172.257456,2012,11,1,"Not Summer"
"X-Men Origins: Wolverine",175.216933,2009,5,0,"Summer"
"X-Men: Apocalypse",152.363567,2016,5,1,"Summer"
"X-Men: Days of Future Past",224.517107,2014,5,1,"Summer"
"X-Men: First Class",139.794178,2011,6,0,"Summer"
"X-Men: The Last Stand",225.707984,2006,5,0,"Summer"
"Year One",40.1919,2009,6,0,"Summer"
"Yes Man",90.954894,2008,1,0,"Not Summer"
"Yogi Bear",95.367329,2010,1,1,"Not Summer"
"You're Next",15.322491,2013,8,0,"Summer"
"You Again",21.766013,2010,9,0,"Not Summer"
"You Don't Mess with the Zohan",94.228929,2008,6,0,"Summer"
"You, Me and Dupree",68.90726,2006,7,0,"Summer"
"Young Adult",4.260589,2011,12,0,"Not Summer"
"Your Highness",18.057955,2011,4,0,"Summer"
"Youth in Revolt",9.139032,2010,1,0,"Not Summer"
"Zack and Miri Make a Porno",29.688791,2008,10,0,"Not Summer"
"Zero Dark Thirty",89.308991,2013,1,0,"Not Summer"
"Zodiac",30.470677,2007,3,0,"Not Summer"
"Zombieland",72.210422,2009,10,0,"Not Summer"
"Zookeeper",71.444764,2011,7,0,"Summer"
"Zoolander 2",25.110469,2016,2,0,"Not Summer"
"Zoom",6.607544,2006,8,0,"Summer"
"Zootopia",336.164834,2016,3,1,"Not Summer"
